,store_location,store_name,store_address,phone_number
0,경기도,남동탄점,경기도 화성시 동탄대로4길95 (장지동),031-376-4492
1,부산광역시,구서점,"부산광역시 금정구 금강로 563, 1층(구서동)",051-582-9279
2,부산광역시,국제신도시점,"부산광역시 강서구 명지국제5로 14, 1층 101호(명지동, 서진빌딩)",051-968-7888
3,강원도,평창점,강원도 평창군 평창읍 백오1길 33,033-333-0009
4,경기도,여주교동점,경기도 여주시 세종로 254-16 (교동),031-881-3799
5,대구광역시,도원점,대구광역시 달서구 도원남로56 산새마을 분산상가 1층 103호,053-641-0041
6,부산광역시,좌동상록점,"부산광역시 해운대구 세실로 7, 104호(좌동, 해운대상록아파트상가)",051-703-0678
7,부산광역시,구남역점,부산광역시 북구 백양대로 1015번길 15(구포동),051-335-7766
8,경기도,이천점,경기도 이천시 관고동 12-4,031-633-1823
9,부산광역시,부곡점,부산광역시 금정구 동현로 23(부곡동),051-581-7890
10,경상남도,석산점,경상남도 양산시 동면 금오7길 24,055-363-9911
11,부산광역시,문현1동점,"부산광역시 남구 고동골로 66, 1층(문현동)",051-624-9875
12,부산광역시,양정1호점,부산광역시 부산진구 양지로 5번길 20(양정동),051-867-9955
13,경기도,통진점,경기도 김포시 통진읍 서암로6번길 5-21,031-996-8295
14,경상남도,상동점,경남 거제시 거제중앙로3길 14-2(상동동),055-635-9290
15,부산광역시,반송2호점,"부산광역시 해운대구 아랫반송로 51, 1층(반송동)",051-545-9266
16,경기도,소사벌점,경기도 평택시 비전동 1053,031-656-8292
17,경기도,동탄중앙점,경기도 화성시 동탄산척로 2나길 6-7 (산척동),031-375-8292
18,경상북도,항구영일대점,경상북도 포항시 북구 아호로 3,054-253-9996
19,대구광역시,반야월점,대구광역시 동구 안심로41길 47,053-964-0797
20,대구광역시,테크노폴리스점,대구광역시 달성군 유가읍 테크노중앙대로 326-35,053-611-6265
21,경기도,비전점,경기도 평택시 중앙로235 (비전동),031-658-9989
22,경기도,능곡점,경기도 시흥시 능곡중앙로77,031-404-0123
23,경기도,비산점,경기도 안양시 동안구 평촌대로408 (비산동),031-387-1112
24,경기도,부곡점,경기도 의왕시 삼동 150-16,031-462-9233
25,충청남도,홍성점,충남 홍성군 홍성읍 충절로1053번길 41,041-633-9995
26,충청북도,율량사천점,충북 청주시 청원구 율량로190번길19,043-903-0991
27,충청북도,증평점,충북 증평군 증평읍 문화로83,043-838-8977
28,대전광역시,송강테크로점,대전시 유성구 구즉로48번길10,042-935-9294
29,부산광역시,몰운대롯데캐슬점,"부산광역시 사하구 다대낙조2길 100, 101호(다대동,롯데캐슬몰운대아파트부상가)",051-262-9252
30,대구광역시,옥포돌미점,대구시 달성군 옥포면 돌미상업로2길 26,053-615-9986
31,경상북도,영양점,경상북도 영양군 영양읍 중앙로 111,054-682-1950
32,경상북도,대도점,경상북도 포항시 남구 대도동 163-1,054-277-8892
33,경상남도,대합공단점,경남 창녕군 대합면 대합산업단지로 119-15,055-533-0677
34,경기도,배곧점,경기도 시훙시 배곧4로32-27,031-432-9998
35,경기도,광주점,경기도 광주시 송정동111-1,031-477-9282
36,경기도,신하점,경기도 이천시 부발읍 신하리 432-15,031-636-8726
37,경기도,관양점,경기도 안양시 동안구 관양동 1429-12,031-422-5057
38,경기도,중동점,경기도 부천시 원미구 부흥로 272번길 22,031-321-7636
39,경기도,조암점,경기도 화성시 장안면 기아자동차로 789 103호,031-358-3392
40,경기도,정왕점,경기도 시흥시 정왕동 1193-14,031-319-5192
41,경기도,일죽점,경기도 안성시 일죽면 송천리 18,031-672-9385
42,경기도,인계점,경기도 수원시 팔달구 인계동 1008-9,031-232-7234
43,경기도,이천사동점,경기도 이천시 대월면 사동리 182-2,031-638-9013
44,경기도,은행점,"경기도 시흥시 시흥대로 1074번길 28,106호(은행동, 녹원아파트 상가동)",031-312-9999
45,경기도,월곶점,경기도 시흥시 월곶동 995,031-318-9292
46,경기도,원곡점,경기도 안성시 원곡면 만세로 1058,031-654-9220
47,경기도,우만점,경기도 수원시 팔달 우만동 481-29,031-256-0903
48,경기도,호법점,경기도 이천시 호법면 후안리 267-4,031-632-9949
49,경기도,하안8점,경기도 광명시 하안동 260-2 8단지상가 104-2,02-802-4070
50,경기도,하안12점,경기도 광명시 하안동 62-4  1층 3호,02-806-5772
51,경기도,하안11점,경기도 광명시 하안동 305  10 단지상가  104,02-803-2993
52,경기도,포일내손점,경기도 의왕시 내손동652-15,031-425-1145
53,경기도,포도원,경기도 안양시 동안구 호계3동 811 현대홈타운상가 107,031-452-0827
54,경기도,평촌5점,경기도 안양시 동안구 평촌동 898-2 초원아파트상가110,031-387-2134
55,경기도,태전점,경기도 광주시 태전동 688-1,031-762-9525
56,경기도,철산점,경기도 광명시 철산동 240  주공13단지 상가동,02-2682-3230
57,경기도,철산2점,"경기도 광명시 연서로2번길 11, 1층 1호(철산동)",02-2615-1805
58,경기도,천리점,경기도 용인시 이동면 천리 56-6,031-333-5784
59,경기도,중앙대,경기도 안성시 대덕면 내리 682-3,031-675-7750
60,경기도,안양중앙점,경기도 안양시 만안구 안양동 711-815,031-444-5592
61,경기도,안양2점,경기도 안양시 만안구 안양동 873-162,031-447-9292
62,경기도,안성점,경기도 안성시 도기 4길 9(도기동),031-671-9282
63,경기도,신흥산성점,경기도 성남시 수정구 수정남로 305번길11.103호,031-733-8382
64,경기도,신천리점,경기도 시흥시 호현로49번안길 1(대야동),031-312-9709
65,경기도,신갈점,경기도 용인시 기흥구 신구로 38 청솔학원,031-274-5060
66,경기도,송내우성,경기도 부천시 소사구 송내동 336-15,032-662-7259
67,경기도,소사점,"경기도 부천시 소사구 소사로202번길 27, 1층(소사본동)",032-325-8787
68,경기도,성포점,경기도 안산시 상록구 성포동 592-2,031-487-8900
69,경기도,석수엘지점,경기도 안양시 만안구 석수동 415-2 엘지빌리지 상가,031-474-5592
70,경기도,샘마을점,경기도 안양시 동안구 호계동 1116 샘마을상가 1층,031-453-9992
71,경기도,삼보점,경기도 시흥시 대야동 275 삼보상가 1층 1호,031-314-6871
72,경기도,산본점,경기도 군본시 산본동 1069-3 (1층),031-393-9282
73,경기도,산본3점,경기도 군포시 오금동 876 율곡아파트 중심상가 101,031-396-2827
74,경기도,북리점,경기도 용인시 처인구 남사면 북리 680-13,031-332-0204
75,경기도,북내점,경기도 여주시 북내면 여양2로 274,031-883-5320
76,경기도,케이준 부곡점,경기도 안산시 상록구 성호로340,031-406-9979
77,경기도,보정점,"경기도 용인시 기흥구 죽현로 8-20 130(보정동,아이원프라자)",031-272-9259
78,경기도,범계점,경기도 안양 동안 비산 1102 관악타운 상가122,031-381-8238
79,경기도,백암점,경기도 용인시 처인구 백암면 백암리 391번지,031-321-9282
80,경기도,백사점,경기도 이천시 백사면 현방리 67-12,031-632-0746
81,경기도,박달점,경기도 안양시 만안구 박달동 149-1,031-468-3392
82,경기도,미양점,경기도 안성시 미양면 보체리 405 상가 501동 101호,031-675-9258
83,경기도,모현점,경기도 용인시 처인구 모현면 일산리671,031-333-9952
84,경기도,모가점,경기도 이천시 모가면 진가리 83-19,031-632-3688
85,경기도,만선점,경기도 광주시 곤지암읍 만선로 45,031-798-5525
86,경기도,둔전점,경기도 용인시 처인구 포곡읍 포곡로 118번길 24-11,050-4308-9791
87,경기도,대림동산점,"경기도 안성시 공도읍 가족공원길 26, 나동 1층",031-691-9282
88,경기도,능평점,경기도 광주시 오포읍 수레실길 5,031-726-9253
89,경기도,금정점,경기도 군포시 금정동 79-1 1층,031-458-3888
90,경기도,군포점,경기도 군포시 당동 914-5번지,031-392-9295
91,경기도,구성점,"경기도 용인시 기흥구 구성로 186(언남동, 신일푸른솔아파트단지내 1층",031-274-9282
92,경기도,광명2점,경기도 광명시 광명동 158-240 1층,02-2614-1605
93,경기도,공도점,경기도 안성시 공도읍 고무다리길 3,031-658-9280
94,경기도,거모점,경기도 시흥시 군자로504번안길 12(거모동),031-508-3398
95,경기도,갈산점,경기도 이천시 갈산로 87번길 4(갈산동),031-635-3792
96,경기도,가남점,경기도 여주시 가납읍 태평중앙1길 8-10,031-884-7718
97,세종특별자치시,한솔새롬점,세종시 누리로28,044-862-9283
98,부산광역시,금정산SK점,"부산광역시 금정구 식물원로 82, 302동 201호(장전동, 금정에스케이뷰)",051-514-0123
99,경기도,평촌2점,경기도 안양시 동안구 평촌대로127번길 38,031-385-9288
100,경기도,목감점,경기도 시흥시 목감중앙서로20 시흥목감엘에이치 7단지,031-414-0056
101,경기도,시화계룡점,"경기도 시흥시 중심상가로 127, 상가동 108호(정왕동)",031-496-9244
102,경기도,시화3점,"경기도 시흥시 정왕대로28번길 31 , 110(정왕동)",031-433-1457
103,경기도,시화2점,"경기도 시흥시 옥구천서로373번길 43, 104호(정왕동, 주공1단지분산상가)",031-433-8292
104,경기도,시화1점,"경기도 시흥시 정왕신길로139번길 5, 상가동 103호(정왕동, 삼성아파트)",031-497-5245
105,부산광역시,연지점,"부산광역시 부산진구 새싹로 184, 1층 101호(연지동, 연지메디컬센터)",051-819-8292
106,부산광역시,신라대점,"부산광역시 사상구 백양대로 703, A동(덕포동)",051-304-9282
107,부산광역시,연제점,부산광역시 연제구 거제천로 183(거제동),051-867-5443
108,부산광역시,정관롯데캐슬점,"부산광역시 기장군 정관읍 정관3로 52, 상가동 101호(롯데캐슬)",051-728-5595
109,경기도,호계2점,경기도 안양시 동안구 호계동 912-2,031-457-1288
110,경기도,향남2점,경기도 화성시 향남읍 신광길 19. 102호,031-352-5464
111,경기도,위례점,경기도 성남시 수정구 위례순환로 4길 34(창곡동),031-756-9952~3
112,서울특별시,신림역점,"서울특별시 관악구 신림동길 40, 101(신림동)",02-871-8588
113,경기도,동삭점,"경기도 평택시 동삭로 397 상가동 104,105호",031-652-5092
114,서울특별시,길동점,서울시 강동구 길동 99-1,02-477-9282
115,경기도,괴안점,경기도 부천시 소사 괴안동 89-1,032-347-5661
116,경기도,곤지암점,경기 광주시 곤지암읍 곤지암리 435-91,031-762-8125
117,경기도,고강점,"경기도 부천시 오정구 원종로 122, 101호(고강동, 가람5차)",032-675-4578
118,전라북도,덕진하가점,전북 전주시 덕진구 가리내5길 16 103호(덕진동2가),050-4308-7522
119,경상남도,삼안점,경상남도 김해시 삼안로 131번길 8-4(삼방동),055-337-7439
120,경상남도,북정점,경상남도 양산시 북정로 101(북정동),055-383-9255
121,울산광역시,산하1호점,"울산광역시 북구 화암6길 14, 1층 101호(산하동)",052-282-3569
122,경상남도,부곡월산점,"경상남도 김해시 월산로 111-67,1 1층 105호(부곡동, 신화프라자)",055-335-2288
123,부산광역시,괘법한신점,"부산광역시 사상구 광장로 37번길 82, 1층(괘법동,대동래미안)",051-316-9292
124,경상남도,아주점,"경남 거제시 아주1로1길 7-2,1층(아주동)",055-682-7575
125,경상남도,오동동점,경남 창원시 마산합포구 오동동10길 15(오동동),055-246-8086
126,충청남도,예산점,충남 예산군 예산읍 역전로 160번길 16. 1층 107,041-333-9520
127,충청북도,대소점,충북 음성군 대소면 오태로 75-1,043-882-5592
128,대구광역시,옥포돌미점,경상남도 창녕군 대합면 대합산업단지로 119-15,053-615-9986
129,경상북도,대도점,경상북도 포항시 남구 상대로 142,054-277-8892
130,충청북도,진천장관점,충북 진천군 진천읍 장관2길 139-1,043-533-1355
131,대전광역시,삼성2점,대전 동구 현암로 36,042-621-1504
132,충청북도,삼성점,충북 음성군 삼성면 덕정로62번길 2,043-877-3377
133,충청북도,무극점,충북 음성군 금왕읍 무극로 234,043-878-5284
134,경상북도,경산남산점,경북 경산시 남산면 산양길 9,053-851-5999
135,대전광역시,계백점,대전시 중구 문화로90,042-582-5994
136,충청남도,원성점,충남 천안시 동남구 버들로127,041-567-9979
137,서울특별시,가양점,서울 강서 가양 1475 강변아파트상가 203,02-2668-9306
138,서울특별시,등촌점,서울특별시 강서구 등촌동 704  주공9단지아파트상가동102호,02-3662-3988
139,서울특별시,방화점,"서울특별시 강서구 방화대로33길 17 (방화동,1층)",02-2064-7670
140,서울특별시,신길점,서울시 영등포 신길 95-62,02-847-8850
141,서울특별시,신풍역점,"서울특별시 영등포구 신길로 108(신길동,남서울 아파트상가.신길동3591)",02-842-7979
142,서울특별시,신대방,서울시 동작구 대방동 409-10,02-812-0085
143,서울특별시,암사점,서울 강동구 암사동 425-197번지,02-427-9255
144,서울특별시,성내점,서울 강동구 성내동 426-24번지,02-486-9244
145,서울특별시,풍납점,서울 송파구 풍납동 392번지,02-473-9927
146,서울특별시,송파점,서울 송파구 송파동 135-18 102호,02-419-4734
147,서울특별시,가락점,서울 송파구 가락동 82-6번지,02-407-5050
148,서울특별시,문정점,서울 송파구 문정동 29,02-403-9761
149,서울특별시,오금점,서울 송파구 오금동 151-6번지,02-431-6678
150,서울특별시,일원점,서울시 강남 일원 682-7 1층,02-3411-0166
151,서울특별시,삼전점,서울시 송파 삼전 167-17,02-419-5544
152,서울특별시,신천점,서울시 송파 잠실 185-9,02-423-5183
153,서울특별시,압구정점,서울 강남구 신사동 653-15번지 2층,02-545-1027
154,서울특별시,잠원점,서울 서초구 잠원동 53번지 현대상사 1층 6호,02-592-2244
155,서울특별시,방배점,서울 서초구 방배동 868-28번지,02-594-6866
156,서울특별시,양재점,서울 서초구 양재동 6-37번지,02-576-9204
157,서울특별시,대치점,서울 강남구 대치동 922-14번지,02-562-9282
158,서울특별시,서초점,서울 서초구 서초동 1342번지,02-522-9272
159,서울특별시,역삼점,서울 강남구 역삼동 782-28번지,02-553-7749
160,서울특별시,논현점,서울 강남구 논현동 192-1번지,02-517-4178
161,서울특별시,여의도점,서울시 영등포구 여의도동50 시범상가 ,02-782-0520
162,서울특별시,대방점,서울 동작구 대방동 68-35번지,02-817-7979
163,서울특별시,장승배기점,서울 동작 상도 373-72번지,02-816-7007
164,서울특별시,봉천점,서울 관악구 봉천동 885-1번지,02-877-1122
165,서울특별시,행운점,서울 관악구 행운동 66-117번지,031-882-5257
166,서울특별시,우장산점,서울특별시 강서구 강서로 46길 51(내발산동),02-2659-9279
167,서울특별시,화곡역점,서울특별시 강서구 화곡동 1062-20 2층,02-2699-3392
168,서울특별시,신정1점,"서울특별시 양천구 은행정로 5길 28,1층 102호(신정동)",02-2651-9282
169,서울특별시,신도림점,서울시 구로구 신도림동 396 - 140,02-2632-6612
170,서울특별시,신정7점,서울특별시 양천구 신정동 203-1,02-2648-5191
171,서울특별시,당산점,서울 영등포구 당산동1가 378번지,02-2678-9282
172,서울특별시,대림점,서울시 영등포구 대림동 1027-16,02-834-3042
173,서울특별시,구로가산점,서울 구로구 구로동 792-22번지,02-853-0808
174,서울특별시,독산점,서울시 금천구 독산 179-12,02-853-7714
175,서울특별시,시흥점,서울시 금천구 시흥동 887-24,02-807-6618
176,서울특별시,원종점,경기도 부천시 원종동 382-7,032-675-4578
177,서울특별시,목동점,"서울특별시 양천구 목동중앙서로 40 (목동,1층)",02-2061-9292
178,서울특별시,목1점,서울특별시 양천구 목동 513-27,02-2649-6652
179,서울특별시,사당점,동작구 사당동 312-9번지,02-588-9293
180,서울특별시,상도점,서울 동작구 상도1동 360-1번지,02-3280-7088
181,서울특별시,동방점,서울시 관악 신림 246-23,02-871-6111
182,서울특별시,신림점,서울시 관악구 신림동 96-87,02-872-6904
183,서울특별시,개봉점,"서울특별시 구로구 고척로27길 58, 1층(개봉동)",02-2060-9253
184,서울특별시,신정점,"서울특별시 양천구 신정로11길 62, 1층(신정동, 유광빌딩)",02-2616-4331
185,서울특별시,화곡1점,"서울특별시 강서구 가로공원로 233  101(화곡동,뉴파인아파트상가1층)",02-2061-9284
186,서울특별시,개봉2점,서울특별시 구로구 개봉동 357-22,02-2689-0900
187,서울특별시,한마을점,서울특별시 구로구 경인로 377-1 (고척동),02-2618-8815
188,서울특별시,오류점,서울특별시 구로구 오류동 27-37,02-2619-7858
189,인천광역시,가좌점,인천시 서구 가좌동 142-45,032-582-0099
190,인천광역시,신현점,인천시 서구 신현동 279-5,032-578-7730
191,인천광역시,청라점,인천 서구 연희동 763-19,032-566-9599
192,인천광역시,하늘도시점,"인천광역시 중구 은하수로 351, 2동 103호 (중산동, 우미린1차상가)",032-746-8990
193,인천광역시,연희점,인천 서구 승학로 313-1,032-561-0702
194,인천광역시,온수점,인천 강화군 강화읍 길상면 온수리 538-10,032-937-9392
195,인천광역시,남산점,강화군 강화읍 충렬사로 57,032-933-2201
196,인천광역시,검단점,인천 서구 검단로 487번길 5,032-569-2848
197,인천광역시,마전점,인천 서구 완정로 34번길 47,032-566-8295
198,인천광역시,만수2점,"인천 남동구 백범로 206번길 13(만수동 ,1층)",032-461-7735
199,인천광역시,만수1점,인천 남동구 만수동 932-3,032-464-5300
200,인천광역시,만수3점,인천광역시 남동구 만수6동 1026-1,032-467-1717
201,인천광역시,주안4점,인천시 남구 주안4동 414-32,032-433-2490
202,인천광역시,주안점,인천 남구 주안8동 1528-14,032-431-2877
203,인천광역시,구월3점,인천시 남동구 구월동 1359-20,032-766-9981
204,인천광역시,연안점,인천 중구 항동7가 58-4 라이프상가 1-107,032-886-7851
205,인천광역시,용현점,인천광역시 남구 용현동 342-2,032-885-4229
206,인천광역시,송림3점,인천시 동구 송림동 60-31,032-764-7999
207,인천광역시,송림점,인천 동구 송림2동 55-1,032-773-3297
208,인천광역시,송도점,인천시 연수구 컨밴시아대로 42번길 12,032-834-6272
209,인천광역시,동춘점,인천광역시 연수구 연수동 610-2,031-811-6062
210,인천광역시,인천논현점,인천광역시 남동구 논고개로 86,032-435-5599
211,인천광역시,병방점,인천시 계양구 병방동 92-26,032-544-5592
212,인천광역시,계양점,인천시 계양구 용종동 214-1 ,032-553-3927
213,인천광역시,계산점,인천시 계양구 계산동 932-11,032-552-1052
214,인천광역시,효성점,인천시 계양구 효성동 192-1 (104호),032-553-9595
215,인천광역시,산곡점,인천시 부평구 산곡동 317-116,032-524-8787
216,인천광역시,간석점,인천 남동구 간석동 113-1번지 102호,032-442-1406
217,인천광역시,구월점,인천 남동구 구월동 1248-44,032-466-6222
218,인천광역시,영흥점,인천시 웅진 영흥 내 6리 1691,032-888-2260
219,인천광역시,진두점,인천시 옹진군 영흥면 내리 8-200,032-888-5534
220,인천광역시,부개점,인천시 부평구 부개동 140-22,032-361-9951
221,인천광역시,삼산점,인천시 부평구 삼산동440-1삼산타운 1단지 B상가103호,032-330-8600
222,인천광역시,부평점,인천시 부평구 부평동 904-16,032-361-2555
223,인천광역시,주안2점,인천광역시 남구 주안2동 550-23,032-872-5028
224,인천광역시,동수역점,인천시 부평구 경인로 887,032-519-0555
225,인천광역시,학익점,인천시 남구 학익동665-3,032-874-2271
226,인천광역시,연수점,인천 연수구 연수동 497-7,032-818-2616
227,인천광역시,옥련청학점,인천 연수구 옥련동 367-7,031-831-8292
228,서울특별시,육사점,서울시 노원구 공릉동 공릉사서함 77-5,02-2197-5941
229,서울특별시,수유화계점,서울시 강북구 노해로17길 51,02-992-8881
230,서울특별시,창5점(쌍용),"서울 도봉구 마들로 551, 101동",02-2197-5941
231,서울특별시,미아삼거리점,서울 강북구 월계로 3길 68 2층,02-980-0401
232,서울특별시,광희점,"서울특별시 중구 마른내로 163,1층(광희동1가)",02-3273-9991
233,서울특별시,연희점,서울특별시 서대문구 증가로 34(연희동),02-325-9090
234,서울특별시,보문점,서울시 성북구 보문로109,02-953-5749
235,서울특별시,정릉점,"서울시 성북구 보국문로 75,102",02-909-5150
236,서울특별시,청구점,"서울시 중구 동호로12길 88(신당동,1층)",02-2231-5460
237,서울특별시,서교점,서울시 마포구 성미산로17길 84,02-3143-6623
238,서울특별시,방학점,서울시 도봉구 방학로 200-20,02-955-9696
239,서울특별시,북가좌점,서울시 서대문구 북가좌동 347-27,02-309-3430
240,서울특별시,경희대점,서울시 동대문구 청량리 1동 55-34,02-964-9292
241,서울특별시,후암점,서울시 용산구 동자동 19-33,02-755-9595
242,서울특별시,염리점,서울시 마포구 숭문4길 5,02-713-3340
243,서울특별시,도화점,서울시 마포구 도화1동 25-4,02-702-6692
244,서울특별시,이태원점,서울시 용산구 이태원동 225-60,02-797-7689
245,서울특별시,응봉점,서울시 성동구 응봉동 193-118 1층,02-2293-3600
246,서울특별시,응암점,서울시 은평구 응암동 239-18,02-354-2646
247,서울특별시,역촌점,서울시 은평구 역촌동 34-1,02-384-8008
248,서울특별시,우이점,서울시 강북구 우이동 72-65,02-902-1870
249,서울특별시,수유점,서울시 강북구 수유동 310-1,02-997-1745
250,서울특별시,번동점,서울시 강북구 번동 148-42 1층 101호,02-994-3232
251,서울특별시,창동점,서울시 도봉구 창동 596-1 대우APT 상가 144,02-995-6481
252,서울특별시,쌍문점,서울시 도봉구 시루봉로2길 66 1층 102호,02-900-3301
253,서울특별시,도봉2점,서울시 도봉구 도봉동 635-13,02-955-5655
254,서울특별시,녹천점,서울시 도봉구 창동 38-1 주공17단지상가 101,02-995-4236
255,서울특별시,월계미성점,서울시 노원구 월계동 17 미성상가 103,02-975-8892
256,서울특별시,중계주공점,서울시 노원구 중계동 369-7 중계주공 2단지상가 106,02-952-9034
257,서울특별시,공릉점,서울시 노원구 공릉동 240-235,02-948-7724
258,서울특별시,중곡점,서울시 광진구 중곡동 79-10,02-446-7831
259,서울특별시,면목점,서울시 중랑구 면목동 657-56,02-495-4716
260,서울특별시,신내점,서울시 중랑구 신내동 472-3 ,02-435-8438
261,서울특별시,공릉2점,서울시 노원구 공릉동 707 공릉 2단지 상가 111,02-948-7733
262,서울특별시,중계점,서울시 노원구 중계동 503 중계그린상가 B-107 ,02-971-4444
263,서울특별시,상계2점,"서울시 노원구 동일로215길 81,121(상계동,다상가)",02-931-0130
264,서울특별시,수락산점,"서울시 노원구 상계동 1110-6 종합상가 103,110,111호",02-936-4994
265,충청북도,칠금봉방점,충북 충주시 연수동 1245,043-853-9288
266,충청북도,청전점,충북 제천시 숭문로20길 26(의림동),043-648-9222
267,충청북도,지현점,충북 충주시 사직산8길 22(지현동),043-852-9991
268,충청북도,제천A점,"충북 제천시 숭의로1길 2, 1층(화산동)",043-642-6992
269,충청북도,이류점,충북 충주시 대소원면 대소원1길 21,043-851-9289
270,충청북도,용산점,충북 충주시 용정2길 39-1(성남동),043-844-9292
271,충청북도,영춘점,충북 단양군 영춘면 온달평강로 56,043-423-3399
272,충청북도,연수점,충북 충주시 금릉동 708-2,043-845-9201
273,충청북도,수안보점,충북 충주시 수안보면 장터1길 19,043-848-7278
274,충청북도,부강점,충북 충주시 교현동 1087,043-843-5163
275,충청북도,금가점,충북 충주시 금가면 강수로 335,043-853-9191
276,충청북도,충북혁신도시점,충북 진천군 덕산면 연미로 87-1 상가1층,043-534-6300
277,충청북도,광혜원점,충청북도 음성군 대소면 대청로 15 ,043-535-9998
278,충청북도,오창호수공원점,충청북도 청주시 청원구 오창읍 양청리 752-4 102호,043-213-0215
279,충청북도,음성점,충청북도 음성군 음성읍 시장로 43 ,043-872-1138
280,충청북도,탑동점,충청북도 청주시 상당구 탑동로1번길 104 ,043-255-1686
281,충청북도,괴산점,충청북도 괴산군 괴산읍 동부리 627-20,043-833-9959
282,충청북도,가경점,충청북도 청주시 흥덕구 풍산로89번길 31 세원아파트 상가 103 ,043-232-1182
283,충청북도,봉명점,충청북도 청주시 흥덕구 봉명로149번길 6,043-265-9993
284,충청북도,부윤점,충청북도 음성군 대소면 대동로 515 ,043-877-7633
285,충청북도,강서점,충청북도 청주시 흥덕구 서현중로 56 ,043-238-3382
286,충청북도,감곡점,충청북도 음성군 감곡면 장감로 189 ,043-881-5538
287,충청북도,진천점,충청북도 진천군 진천읍 문화2길 12,043-534-8292
288,충청북도,복대점,충청북도 청주시 흥덕구 성봉로 267 ,043-236-1717
289,충청북도,석교점,충청북도 청주시 상당구 영운로 140 ,043-254-2851
290,충청북도,금천점,충청북도 청주시 상당구 수영로259번길 64 ,043-257-5853
291,충청북도,소라점,충청북도 청주시 상당구 원봉로 25 신라아파트 상가 111호,043-293-3973
292,충청북도,충북덕산점,충청북도 진천군 덕산면 초금로 757-2,043-536-3521
293,충청북도,영동점,충청북도 영동군 영동읍 영산로1길 3 ,043-742-1213
294,충청북도,옥천점,충청북도 옥천군 옥천읍 금장로 113 ,043-733-1725
295,충청북도,용산점,충청북도 영동군 용산면 용산로 307,043-742-1212
296,충청남도,배방북수점,충청남도 아산시 배방읍 배방로173번길 20-18 ,041-541-3092
297,충청남도,용화점,충청남도 아산시 온중로 20,041-541-9292
298,충청남도,내포점,충청남도 홍성군 홍북읍 청사로48번길 16 ,041-631-9221
299,충청남도,신양점,충청남도 예산군 신양면 청신로 389 ,041-331-0799
300,충청남도,동문점,충청남도 서산시 한마음2로 49 ,041-665-9777
301,충청남도,서면점,충청남도 서천군 서면 서인로 361,041-953-9282
302,충청남도,석문점,충청남도 당진시 석문면 해명4로3길 34,041-356-9700
303,충청남도,강경점,충청남도 논산시 강경읍 계백로153번길 4 ,041-745-1121
304,충청남도,한진포구점,충청남도 당진시 송악읍 한진포구길 27 ,041-358-0421
305,충청남도,예산덕산점,충청남도 예산군 덕산면 봉운로 21,041-337-5311
306,충청남도,대천동점,충청남도 보령시 남대천로 73 ,041-934-9294
307,충청남도,신평점,충청남도 당진시 신평면 신평로 820,041-362-9233
308,충청남도,온양1동점,충청남도 아산시 번영로 71 ,041-546-1077
309,충청남도,논산점,충청남도 논산시 부창로100번길 13-19,041-736-6262
310,충청남도,신암점,충청남도 예산군 신암면 추사로 206,041-332-4652
311,충청남도,서천점,충청남도 서천군 서천읍 충절로29번길 18,041-953-9259
312,충청남도,신정점,충청남도 아산시 온천대로 1333번길 15,041-549-0662
313,충청남도,엄사점,충청남도 계룡시 엄사면 엄사중앙로 65-10 동아아파트 상가 106호 ,042-840-9282
314,충청남도,인주점,충청남도 아산시 인주면 현대로 1032 ,041-533-6467
315,충청남도,음암점,충청남도 서산시 음암면 상홍리 155-3 우리아파트상가 ,041-663-1211
316,충청남도,당진1점,충청남도 당진시 밤절로 103,041-357-9205
317,충청남도,웅천점,충청남도 보령시 웅천읍 장터중앙길 126 ,041-933-2338
318,충청남도,안면점,충청남도 태안군 안면읍 장터로 140-1 ,041-674-0097
319,충청남도,인지점,충청남도 서산시 인지면 무학로 1728 ,041-669-9923
320,충청남도,금산점,충청남도 금산군 금산읍 금산로 1465,041-753-4808
321,충청남도,부여점,충청남도 부여군 부여읍 석탑로 3 ,041-832-6979
322,충청남도,신도안점,충청남도 계룡시 신도안면 신도안1길 61 중부상가 ,042-551-3839
323,충청남도,샘마을점,충청남도 아산시 신창면 남성길 99,041-533-0041
324,충청남도,모종점,충청남도 아산시 모종동 577-13 ,041-544-3910
325,충청남도,천북점,충청남도 보령시 천북면 하궁길 10,041-641-2461
326,충청남도,공주1점,충청남도 공주시 우금티로 755 2층 ,041-856-5455
327,충청남도,해미점,충청남도 서산시 해미면 남문1로 47 ,041-688-6662
328,충청남도,모항점,충청남도 태안군 소원면 모항파도로 113 ,041-672-9044
329,충청남도,원북점,충청남도 태안군 원북면 원이로 841-4 ,041-672-3599
330,충청남도,명지점,충청남도 서산시 대산읍 물안1로 123 ,041-664-2564
331,충청남도,두정2점,충청남도 천안시 서북구 두정역서1길 4-12 다온빌리지 1층상가 ,041-566-1111
332,충청남도,목천점,충청남도 천안시 동남구 목천읍 교천지산길 16 ,041-558-9993
333,충청남도,장재점,충청남도 아산시 배방읍 연화로 36 연화마을8단지 상가2동 104호 ,041-534-5592
334,충청남도,성거점,충청남도 천안시 서북구 성거읍 송남리 585,041-522-0550
335,충청남도,초원점,충청남도 아산시 음봉면 음봉로681번길 24 초원아파트109-101호 ,041-531-9295
336,충청남도,신방점,충청남도 천안시 동남구 수곡2길 5 ,041-575-6236
337,충청남도,청수점,충청남도 천안시 동남구 풍세로 932 ,041-567-4241
338,충청남도,입장점,충청남도 천안시 서북구 입장면 입장로 121 초원상가6-103호 ,041-584-5694
339,충청남도,쌍용봉명점,충청남도 천안시 서북구 봉서5길 18 ,041-579-9990
340,충청남도,백석점,"충청남도 천안시 서북구 백석4길 12, 103호",041-523-9288
341,충청남도,쌍용월봉점,충청남도 천안시 서북구 월봉4로 140-16 월봉태영아파트상가 107호 ,041-571-9292
342,충청남도,쌍용능수점,충청남도 천안시 서북구 쌍용16길 54-1 ,041-571-9692
343,충청남도,북면중앙점,충청남도 천안시 동남구 북면 상동리 86-14 중앙아파트 상가 16호 ,041-555-7874
344,충청남도,성환점,충청남도 천안시 서북구 성환읍 성환중앙로 47 ,041-581-9369
345,충청남도,직산점,충청남도 천안시 서북구 성거읍 봉주로 111 ,041-583-6161
346,충청남도,차암공단점,충청남도 천안시 서북구 직산읍 2공단5로 169 대림상가 105호 ,041-621-9292
347,충청남도,두정1점,충청남도 천안시 서북구 늘푸른5길 22 골드프라자 110호 ,041-551-3392
348,충청남도,성정점,충청남도 천안시 서북구 서부16길14,041-575-5457
349,충청남도,신부점,충청남도 천안시 동남구 터미널2로 29 ,041-563-9292
350,충청남도,남부점,충청남도 천안시 동남구 풍세로 769-28,041-592-9245
351,충청남도,10단지점,충청남도 천안시 서북구 봉서산샛길 64 상가102호 ,041-578-5592
352,전라북도,효자점,전북 전주시 완산구 성지산로 61-4 ,063-228-1999
353,전라북도,조촌점,전북 군산시 조촌로 68 (조촌동),063-451-7666
354,전라북도,정읍수성점,전북 정읍시  중앙로95(수성동),063-535-3773
355,전라북도,익산영등점,전북 익산시 고봉로22길 31 (영등동),063-852-9982
356,전라북도,수송점,전북 군산시 월명로 305(수송동),063-466-7666
357,전라북도,산북소룡점,전북 군산시 칠성안1길 17(산북동 104호),063-471-9282
358,전라북도,미장점,전북 군산시 미장남로 36(미장동),063-468-9282
359,전라북도,미룡군산대점,전북 군산시 미제1길 6(미룡동),063-462-9299
360,전라북도,만경점,전북 김제시 만경읍 만경로 804,063-545-3286
361,전라북도,나운지곡점,전북 군산시 신평길 33-2(지곡동),063-463-9285
362,전라북도,나운1점,전북 군산시 상나운로 86(나운동),063-463-8292
363,전라북도,김제점,전북 김제시 동서로 133(요촌동),063-542-8292
364,전라북도,김제신풍점,전북 김제시 검산택지5길 21-7(검산동),063-544-9282
365,전라남도,회진점,전남 장흥군 회진면 회진중앙길 16-19,061-867-7888
366,전라남도,홍농점,전남 영광군 홍농읍 홍농로 457-9,061-356-4848
367,전라남도,현산점,전남 해남군 현산면 탑동리길 5(6),061-533-4858
368,전라남도,해남화원점,전남 해남군 화원면 금평리 236-3,061-532-1353
369,전라남도,해남점,전남 해남군 해남읍 해남로 4,061-533-3133
370,전라남도,한라삼호점,전남 영암군 삼호읍 신항로 80(2층),061-462-6636
371,전라남도,하당점,전남 목포시 하당로30번길 12(상동),061-284-2004
372,전라남도,퀸스빌점,전남 영암군 삼호읍 삼호중앙로 129 (퀸스빌2차아파트 상가 101동 102호),061-462-9289
373,전라남도,창평점,전남 담양군 창평면 의병로 137,061-383-7900
374,전라남도,진도점,전남 진도군 진도읍 남동리 쌍정2길 30,061-542-3939
375,전라남도,진도녹진점,전남 진도군 군내면 진도대로 8444,061-542-7889
376,전라남도,중동점,전남 광양시 진등길 10(중동),061-793-8599
377,전라남도,용해점,전남 목포시 용당로 271-1(용해동),061-277-3168
378,전라남도,오성점,전남 광양시 광양읍 대림오성로 112,061-763-9550
379,전라남도,영광점,전남 영광군 영광읍 중앙로2길 12-15,061-351-9944
380,전라남도,연향점,"전남 순천시 연향 번영 6길 10, 1층(연향동)",061-722-3392
381,전라남도,압해도,전남 신안군 압해면 압해로 889,061-271-1618
382,전라남도,안좌도점,"전남 신안군 안좌면 김환기길 1-2,1층",061-261-8855
383,전라남도,신안인스빌점,"전남 목포시 삼학로 363, 상가동 113호(용해동)",061-277-9282
384,전라남도,순천대학점,"전남 순천시 중앙로 270,1층(석현동)",061-751-2651
385,전라남도,송지점,전남 해남군 송지면 산정1길 92,061-535-5554
386,전라남도,선원무선점,전남 여수시 무선중앙로 64(선원동),061-684-8292
387,전라남도,서면용당점,전남 순천시 서면 강청길 88(1층),061-753-8295
388,전라남도,상동점,전남 목포시 상리로1번길 16(상동),061-274-3999
389,전라남도,산정점,전남 목포시 고하대로 656(산정동),062-278-0090
390,전라남도,법성점,전남 영광군 법성면  연우로4(법성리),061-356-8185
391,전라남도,미평점,전남 여수시 미평로 52 1층(미평동),061-651-9166
392,전라남도,문수점,전남 여수시 문수로 72(문수동),061-651-3886
393,전라남도,무안점,"전남 무안군 무안읍 면성2길 55(3,4)",061-453-7077
394,전라남도,동정점,전남 여수시 하멜로 18(고소동),061-654-9292
395,전라남도,돌산점,전남 여수시 돌산읍 강남8길 30(돌산1차청솔아파트 상가동 102호),061-644-2777
396,전라남도,도초비금점,전남 신안군 도초면 불섬길 85-12,061-275-6622
397,전라남도,덕양점,전남 여수시 소라면 주삼덕양로 3,061-683-8352
398,전라남도,대불점,전남 영암군 삼호읍 대불주거1로5길 17,061-462-0092
399,전라남도,담양대치점,전남 담양군 대전면 추성1로 162,061-383-2252
400,전라남도,남창점,전남 해남군 북평면 볼무당길 5,061-533-0805
401,전라남도,남악점,"전남 무안군 삼향읍 남악5로46번길 22, 111호(황금먹거리장터)",061-984-8292
402,전라남도,국동점,전남 여수시 국동 994-3,061-642-5272
403,전라남도,광영점,전남 광양시 광영로 97(광영동),061-794-9982
404,전라남도,광양점,전남 광양시 광양읍 호북길22,061-762-8154
405,전라남도,곡성점,전남 곡성군 곡성읍 중앙로 141,061-363-7870
406,전라남도,거문도점,전남 여수시 삼산면 삼호교길 8(제1호),061-665-7401
407,전라남도,강진점,전남 강진군 강진읍 영랑로3길 10,061-434-7722
408,울산광역시,매곡월드점,"울산광역시 북구 매산로 35, 101호(매곡동, 매곡동월드프라자)",052-298-3005
409,울산광역시,천곡점,"울산광역시 북구 관문길 6-1, 지상1층(천곡동)",052-292-9298
410,울산광역시,쌍용아진점,"울산광역시 북구 신답로40, 102(상안동,지팝프라자)",052-282-9255
411,울산광역시,호계점,울산 북구 호계동 255-8,052-286-9984
412,울산광역시,화봉점,울산광역시 북구 두부곡 7길 1,052-287-9007
413,울산광역시,서동점(울산),"울산 중구 병영성 3길 9(서동,1층)",052-293-9222
414,울산광역시,반구점,울산 중구 화합로 395(반구동),052-285-0272
415,울산광역시,학성점,울산 중구 학성동 189-1,052-297-0067
416,울산광역시,중구점,"울산광역시 중구 동헌길 79, 1층(교동)",052-244-7484
417,울산광역시,태화점,울산 중구 신기2길 4(태화동),052-245-1220
418,울산광역시,다운점,울산광역시 중구 운곡8길 48(다운동),052-222-2597
419,울산광역시,구영현대점,"울산광역시 울주군 범서읍 점촌4길 37,2호(현대1차상가)",052-211-1236
420,울산광역시,천상점,울산 울주군 범서읍 천상2길 15,052-910-9292
421,울산광역시,무거점,"울산광역시 남구 신복로 13, 1층(무거동)",052-222-9288
422,울산광역시,옥동점,울산광역시 남구 문수로 369번길 10-1(옥동),052-269-9293
423,울산광역시,명촌점,"울산광역시 북구 명촌로 81, 1층(명촌동)",052-289-1400
424,울산광역시,양정점,"울산광역시 북구 염포로 555(양정동,1층)",052-287-9236
425,울산광역시,성내점,울산 북구 염포동 997-17,052-288-4155
426,울산광역시,남목점,울산 동구 미포2길 50(동부동),052-235-9446
427,울산광역시,전하1호점,"울산광역시 동구 전하로 8, 1층(전하동",052-234-3467
428,울산광역시,일산점,울산광역시 동구 방어진순환도로 709(일산동),052-235-3133
429,울산광역시,방어진점,울산광역시 동구 동진2길 17(방어동),052-201-9338
430,울산광역시,삼산점,울산 남구 삼산동 삼산중로 114번로 23,052-260-8293
431,울산광역시,달동점,울산 남구 삼산로 254번길 23,052-257-7111
432,울산광역시,신정1호점,울산광역시 남구 월평로 69(신정동),052-261-0321
433,울산광역시,봉월점,울산광역시 남구 봉월로 8번길 17(신정동),052-227-2379
434,울산광역시,야음점,울산 남구 야음동 459-52,052-267-9292
435,울산광역시,야음변전소점,울산광역시 남구 처용로 26번길 10(야음동),052-275-4606
436,울산광역시,덕하점,울산광역시 울주군 청량면 삼정로 769,052-268-7943
437,울산광역시,덕신점,"울산광역시 울주군 온산읍 신온8길 18, 1층 102호",052-238-1882
438,울산광역시,남창점,"울산 울주군 온양읍 온양로 155,1층",052-239-8292
439,울산광역시,진하점,"울산광역시 울주군 서생면 진하길 13, 가동",052-238-2201
440,울산광역시,나사리점,울산광역시 울주군 서생면 나사해안길 61-1,052-238-3355
441,울산광역시,훼미리점,울산 울주군 상북면 궁근정리 846-14 진우훼미리상가 102,052-264-5848
442,울산광역시,언양점,울산 울주군 언양읍 남문길 14,052-263-9222
443,울산광역시,중남점,울산 울주군 삼남면 신화리 1481-15,052-264-6022
444,세종특별자치시,연동점,세종특별자치시 연동면 청연로 655,044-865-9911
445,세종특별자치시,전동점,세종특별자치시 전동면 운주산로 346,044-858-8883
446,부산광역시,두구점,부산광역시 금정구 두구로 47(두구동),051-508-4999
447,부산광역시,남산점,부산 금정구 남산동 27-50,051-515-9996
448,부산광역시,부산외대점,부산광역시 금정구 남산로 2-1(남산동),051-517-9989
449,부산광역시,명륜점,"부산광역시 동래구 시실로 50-4, 1층(명륜동,광일빌딩)",051-553-9289
450,부산광역시,길천점,부산 기장군 장안읍 길천리 224-5,051-727-3097
451,부산광역시,좌천점,부산 기장군 장안읍 좌천리 202-6,051-727-0807
452,부산광역시,일광점,부산광역시 기장군 일광면 삼성리 33-1,051-722-1515
453,부산광역시,기장점,부산광역시 기장군 기장읍 차성로 288번길 66,051-721-5577
454,부산광역시,반송본점,부산광역시 해운대구 반송동 62-344,051-543-7992
455,부산광역시,서동점(부산),부산 금정구 서동 205-13,051-531-2557
456,부산광역시,명장2호점,"부산광역시 동래구 반송로 339번길 8, 1동 101호(명장동,협진태양아파트상가)",051-552-9285
457,부산광역시,강동점,부산 강서구 강동동 112-4,051-971-1244
458,부산광역시,공항점,부산광역시 강서구 공항로 811번길 65(대저2동),051-971-9282
459,부산광역시,덕포1호점,부산광역시 사상구 사상로 326(덕포동),051-302-8181
460,부산광역시,감전점,부산 사상구 새벽로 167번길 8(감전동),051-325-2115
461,부산광역시,스마트W개금점,"부산광역시 부산진구 가야대로 411, 1층 105호(개금동,개금역스마트더블유)",051-893-1116
462,부산광역시,개금엘지점,"부산광역시 부산진구 백양대로 309(개금동,(1층))",051-896-4480
463,부산광역시,개금주공점,"부산광역시 부산진구 백양대로 136번길 37-9,1층(당감동,당평교회)",051-891-2577
464,부산광역시,금곡점,"부산광역시 북구 금곡대로 470번길 35,105(금곡동,유림상가)",051-361-4148
465,부산광역시,화명점,부산 북구 화명1동 1130-9,051-341-3392
466,부산광역시,구포시장점,부산광역시 북구 구포시장길 44(구포동),051-337-7377
467,부산광역시,구포3호점,부산광역시 북구 시랑로 72-1(구포동),051-336-1244
468,부산광역시,덕천점,부산 북구 덕천동 의성로 115번길 3,051-338-9977
469,부산광역시,만덕점,부산 북구 만덕2로 32(만덕동),051-331-5877
470,부산광역시,온천장본점,부산광역시 동래구 금강로 90(온천동),051-556-9233
471,부산광역시,장전점,부산광역시 금정구 금정로 149번길 8(장전동),051-583-6262
472,부산광역시,미남점,"부산광역시 동래구 여고북로 109 (온천동,1층)",051-503-8292
473,부산광역시,사직국민시장점,"부산광역시 동래구 사직북로 63번길 33-1,1층(사직동)",051-501-1812
474,부산광역시,사직운동장점,부산 동래구 사직동 여고로 5,051-505-9283
475,부산광역시,거제점,부산 연제구 아시아드대로 46번길 7(거제동),051-502-9943
476,부산광역시,연산본점,부산광역시 연제구 쌍미천로 126(연산동),051-851-1253
477,부산광역시,망미배산점,부산 연제구 망미1동 831-26번지,051-751-0026
478,부산광역시,전포점,"부산 부산진구 전포동 전포대로294,2-101(전포동한신상가)",051-804-9280
479,부산광역시,범천점,부산광역시 진구 범천1동 850-1,051-637-8222
480,부산광역시,문현2호점,부산광역시 남구 전포대로 77번길 9-2(문현동),051-631-2568
481,부산광역시,못골점,부산 남구 대연동 1604-8,051-646-6077
482,부산광역시,문현점,부산 남구 문현동 351-6,051-635-9294
483,부산광역시,감만점,부산 남구 감만동 146-1,051-631-9288
484,부산광역시,대연본점,부산광역시 남구 석포로 79(대연동),051-622-9254
485,부산광역시,용호시장점,"부산광역시 남구 용호로 190, 1층(용호동)",051-623-0202
486,부산광역시,용호점,부산광역시 남구 동명로 121(용호동),051-611-9201
487,부산광역시,메트로시티점,"부산광역시 남구 신선로 566, 401동 152호(용호동,GS하이츠자이)",051-622-0022
488,부산광역시,경성부경대점,부산 남구 대연3동 555-7,051-622-2345
489,부산광역시,대연1호점,부산 남구 대연동 290-11,051-625-1331
490,부산광역시,남천점,"부산광역시 수영구 남천동로9번길 4, 1층(남천동)",051-624-69624
491,부산광역시,광안점,부산 수영구 광안동  537-2 ,051-757-7781
492,부산광역시,수비점,"부산광역시 해운대구 해운대로 383번 가길 19, 101호(우동, 삼진그린아파트상가)",051-818-7272
493,부산광역시,송정점,부산 해운대구 송정동 200-19,051-704-7977
494,부산광역시,신도시2호점,부산 해운대구 좌동 1288 대동타운분산상가 203,051-701-3331
495,부산광역시,우동1호점,부산 해운대구 우동1로 58(우동),051-742-7860
496,부산광역시,수영점,부산광역시 수영구 수영로 725번길 14(수영동),051-757-4004
497,부산광역시,민락점,"부산 수영구 민락동 110-8 롯데캐슬자이언트아파트상가
 107-115",051-753-9282
498,부산광역시,망미점,부산광역시 수영구 구락로 85-2,051-758-7747
499,부산광역시,재송점,부산광역시 해운대구 재송1로 54,051-784-1801
500,부산광역시,장산점,부산 해운대구 반여동 재반로 242번길 20,051-782-3392
501,부산광역시,반여점,부산광역시 해운대구 반여로 167번길 70(반여동),051-524-0238
502,부산광역시,안락점,부산광역시 동래구 충렬대로 428번길 50(안락동),051-525-1105
503,부산광역시,연산토곡점,부산광역시 연제구 과정로 269-1(연산동),051-868-9011
504,부산광역시,학장점,부산 사상구 학장동 574-111 삼성아파트상가 1-102,051-316-1999
505,부산광역시,엄궁점,"부산광역시 사상구 엄궁북로 40, (엄궁동,롯데캐슬리버)",051-311-1122
506,부산광역시,명지오션점,부산 강서구 명지동 롯데캐슬상가 B동 102호,051-271-1922
507,부산광역시,하단1호점,"부산광역시 사하구 하신번영로 360(하단동, 1층 우측)",051-293-9266
508,부산광역시,가락새신평점,부산 사하구 하신번영로 171(신평동) 31,051-201-3101
509,부산광역시,장림점,부산 사하구 장림동 604-209,051-264-5959
510,부산광역시,다대자유점,"부산광역시 사하구 다대로 617, 상가동 102호(다대동, 자유아파트)",051-261-9955
511,부산광역시,다대점,부산광역시 사하구 다대로 397(다대동),051-263-5567
512,부산광역시,신평점,부산 사하구 신평1동 33-168  24/1,051-206-1097
513,부산광역시,당리점,부산 사하구 당리동 324-27,051-294-8292
514,부산광역시,괴정1호점,부산 사하구 까치고개로 10(괴정동),051-207-7227
515,부산광역시,동해점,부산 서구 남부민동 33-6 흥아맨션 307호 ,051-255-8228
516,부산광역시,감천점,"부산광역시 사하구 감천로 111, 1층(감천동)",051-201-1235
517,부산광역시,동삼점,부산광역시 영도구 동삼로 77(동삼동),051-404-9282
518,부산광역시,청학점,"부산광역시 영도구 청학로 32, 4층 2호(청학동)",051-413-4423
519,부산광역시,초량본점,부산 동구 초량동 460-5 ,051-463-2167
520,부산광역시,수정1호점,부산광역시 동구 수정로 18(수정동),051-441-9985
521,부산광역시,범천2호점,"부산광역시 부산진구 가야대로 702, 101동 103호(범천동, 서면 e-편한세상상가)",051-803-1992
522,부산광역시,주례점,부산 사상구 가야대로 306번길 69(주례동),051-315-9292
523,부산광역시,가야점,부산 부산진구 가야대로 589번길 3(가야동),051-891-0787
524,부산광역시,당감1호점,부산광역시 부산진구 백양순환로 105(부암동),051-894-3999
525,부산광역시,부암점,"부산광역시 부산진구 시민공원로 19번길 38-6(부암동,1층)",051-806-6266
526,부산광역시,하마정점,부산 부산진구 양정동 447-9,051-865-9246
527,대전광역시,한남대점,대전 대덕구 한남로 28 ,042-624-9100
528,대전광역시,어은점,대전 유성구 어은로48번길 9-5 ,042-861-9255
529,대전광역시,법동점,대전 대덕구 계족로663번길 23 ,042-633-0792
530,대전광역시,신탄로하스점,대전 대덕구 대덕대로 1583 ,042-936-2000
531,대전광역시,신성점,대전 유성구 신성로62번길 38,042-861-9222
532,대전광역시,원신흥점,대전 유성구 원신흥남로 58,042-826-4492
533,대전광역시,비래가양점,대전 대덕구 우암로 412,042-621-9982
534,대전광역시,부사점,대전 중구 대종로316번길 2,042-253-3588
535,대전광역시,둔산녹원점,대전 서구 계룡로491번길 28,042-487-2955
536,대전광역시,둔산타임월드점,대전 서구 갈마역로 10,042-471-6656
537,대전광역시,전민점,대전 유성구 전민로38번길 33,042-861-9005
538,대전광역시,도마점,대전 서구 도솔로 137,042-528-9238
539,대전광역시,관평점,대전 유성구 테크노1로 12-22,042-671-2100
540,대전광역시,월평3점,대전 서구 월평중로 50,042-383-7000
541,대전광역시,성남점,대전 동구 성남로 28,042-673-9044
542,대전광역시,둔산1점,대전 서구 둔산북로 175,042-482-7979
543,대전광역시,중리점,대전 대덕구 중리남로 48,042-622-9266
544,대전광역시,송촌2점,대전 대덕구 동춘당로54번길 40-6,042-622-9233
545,대전광역시,갈마점,대전 서구 갈마중로7번길 29,042-525-5163
546,대전광역시,신인점,대전 동구 계족로 87,042-283-4338
547,대전광역시,신탄1점,대전 대덕구 덕암로 222,042-933-1212
548,대전광역시,용운점,대전 동구 용운로147번길 123,042-284-8266
549,대전광역시,보문점,대전 중구 충무로 73,042-254-9942
550,대전광역시,대전삼성점,대전 동구 현암로 36,042-621-1504
551,대전광역시,대화점,대전 대덕구 동심1길 172,042-633-5592
552,대전광역시,관저1점,대전 서구 도안남로 148,042-545-3392
553,대전광역시,한밭점,대전 중구 보문산로 31,042-585-1188
554,대전광역시,태평점,대전 중구 수침로55번길 7,042-525-6720
555,대전광역시,용두점,대전광역시 중구 중앙로 13번길 63,042-256-9595
556,대전광역시,목동점,대전광역시 중구 목중로19번길 7,042-222-2092
557,대전광역시,송촌1점,대전광역시 대덕구 계족로690번길 21 선비마을1단지상가 104,042-672-9911
558,대전광역시,노은1점,대전광역시 유성구 은구비로 18,042-476-9223
559,대전광역시,장대점,대전광역시 유성구 문화원로14번길 9,042-822-9202
560,대전광역시,월평1점,대전광역시 서구 월평새뜸로8번길 50,042-485-0145
561,대전광역시,괴정점,대전광역시 서구 도산로369번길 91,042-536-0124
562,대전광역시,산호점,대전광역시광역시 서구 계룡로571번길 65 상가 103호,042-488-2285
563,대전광역시,둔산삼천점,대전광역시광역시 서구 둔산북로 215,042-482-1363
564,광주광역시,하남점,광주광역시 광산구 월곡반월로 28(월곡동 1동),062-951-5912
565,광주광역시,풍암금호점,"광주 서구 풍금로 39, 1층 101호(풍암동)",062-652-9282
566,광주광역시,주월점,광주 남구 서문대로 749번길 15-1(주월동),062-673-7334
567,광주광역시,일곡점,광주 북구 설죽로 585-1(일곡동),062-572-9600
568,광주광역시,운암동림점,광주 북구 운암1동 930-8,062-531-4898
569,광주광역시,용두.첨단2지구점,광주광역시 북구 임방울대로1041번길 24(용두동 1층),062-574-8292
570,광주광역시,송하풍암점,광주 남구 송하동 258-7,062-676-9252
571,광주광역시,송정점,"광주광역시 광산구 송도로 319, 1층(송정동)",062-941-9979
572,광주광역시,문흥1점,광주 북구 대천로 139번길 8-7(문흥동),062-267-8511
573,광주광역시,두암타운점,광주 동구 산수동 밤실로 147 (두암타운상가 105호),062-261-2962
574,경상북도,천마점,경북 경주시 외동읍 구어리 171번지,054-746-2676
575,경상북도,모동점,경북 상주시 모동면 용호1길 25,054-536-9282
576,경상북도,영주1호점,경북 영주시 대학로 261번길 36(가흥동),054-631-7711
577,경상북도,안계점,경북 의성군 안계면 안계길 118,054-862-6999
578,경상북도,신안점,경북 안동시 안막동 69-9,054-852-4273
579,경상북도,옥동점,경북 안동시 옥동768-1 세영APT 상가동 104호,054-843-0303
580,경상북도,단촌점,경북 의성군 단촌면 하화리 1123-3,054-833-2495
581,경상북도,금성점,경북 의성군 금성면 대리 63-1,054-832-2515
582,경상북도,의성점,경북 의성군 의성읍 후죽리185-5,054-832-1230
583,경상북도,의성역점,경북 의성군 의성읍 후죽리 477-2,054-832-1230
584,경상북도,성동점,경북 상주시 성동 193 - 3 번지,054-536-1442
585,경상북도,낙양점,경북 상주시 낙양동 199-1,054-535-0599
586,경상북도,사벌점,경북 상주시 사벌면 덕담리 444,054-534-9255
587,경상북도,청리점,경북 상주시 청리면 원장리858-3,054-533-1840
588,경상북도,휴천점,경북 영주시 영주로 330번길 56(휴천동),054-636-9636
589,경상북도,진보점,경북 청송군 진보면 진안79-2,054-653-8893
590,경상북도,점촌점,경북 문경시 모전동 52-9,054-552-5882
591,경상북도,예천점,경북 예천군 예천읍 효자로 65,054-653-8892
592,경상북도,법원점,경상북도 포항시 북구 법원로 154 (양덕동),054)-252-9946
593,경상북도,평해점,경북 울진군 평해읍 평해리 58 2층,054-787-8483
594,경상북도,황성점,경북 경주시 용담로 116번길  61-5    103동  101호 신흥2차,054-773-5408
595,경상북도,시래점,경북 경주시 구매3길 28(시래동),054-771-7980
596,경상북도,안강점,경북 경주시 안강읍 양월5리1199-14,054-761-0087
597,경상북도,보문점,경북 경주시 신평동 150-9,054-748-7484
598,경상북도,황오점,경북 경주시 황오동 원효로 174,054-745-7501
599,경상북도,천북점,경북 경주시 천북면 오야리 한백길70-18,054-745-4080
600,경상북도,영덕점,경북 영덕군 영덕읍 남석1리  148,054-732-1313
601,경상북도,영천점,경북 영천시 야사동 283-38,054-334-9709
602,경상북도,오천점,경북 포항시 남구오천읍용덕리322-15,054-292-1128
603,경상북도,연일점,경북 포항시 남구 연일읍 동문로21번길 45,054-285-9293
604,경상북도,동해점,경북 포항시 남구동해면 약전1리291-1,054-284-4957
605,경상북도,효자점,경북 포항시 남구 효자동 308-16,054-282-3324
606,경상북도,해도점,경북 포항시 해도2동31-4,054-272-0555
607,경상북도,흥해점,경북 포항시 북구 흥해읍 흥해로 21,054-261-7786
608,경상북도,환호점,경북 포항시 북구환호동512-7,054-252-6588
609,경상북도,기계점,경북 포항시 북구 기계면 현내리 404-5,054-246-0088
610,경상북도,감포점,경북 경주시 감포읍 감포리 50-2,054-777-3457
611,경상북도,건천점,경북 경주시 건천읍 단석로 1995-2번지,054-751-9077
612,경상북도,죽도점,경북 포항시 북구 죽도로28번길 52(죽도동),054-274-9466
613,경상북도,달전점,경북 포항시 북구 흥해읍 달전로 365,054-261-7892
614,경상북도,북면점,경북 울진군 북면 덕구온천로 28,054-783-0747
615,경상북도,청통점,경북 영천시 청통로 116,054-337-4723
616,경상북도,용강점,경북 경주시 승삼3길 18-1(용강동),054-777-4262
617,경상북도,충효점,경북 경주시 충효녹지길 128-9(충효동),054-742-8285
618,경상북도,아화점,경북 경주시 서면 내서로 406,054-751-0331
619,대구광역시,신암점,대구광역시 동구 신암4동612-53,053-958-3999
620,경상북도,성주점,경북 성주군 성주읍 성산리 2098-2번지,054-931-9292
621,경상북도,선남점,경북 성주군 선남면 관화리670-3,054-931-1116
622,경상북도,진량점,경북 경산시 진량읍 신상리 205-1,053-851-9959
623,경상북도,사동점,경북 경산시 원효로 36길 22,053-801-9007
624,대구광역시,범물2호점,대구광역시 수성구 범물동1369-11,053-782-7631
625,대구광역시,두산들안점,대구광역시 수성구 들안로20길 41,053-763-1002
626,대구광역시,효신점,대구광역시 동구신천4동436-7,053-756-6114
627,대구광역시,범어점,대구광역시 수성구 범어4동114-1,053-745-5598
628,대구광역시,진천사랑점,대구광역시 달서구 월배로 32-1 진천우체국,053-643-0006
629,대구광역시,화원점,대구광역시 달성군 화원읍 화원로 1길 12,053-636-9995
630,대구광역시,상인점,"대구광역시 달서구 월배로40길 135 (상인동,1층)",053-636-4333
631,대구광역시,대명1호점,대구광역시 남구 대명10동 1645-8,053-622-9888
632,대구광역시,논공점,대구광역시 달성군 논공읍 북리 803-142,053-615-0697
633,대구광역시,현풍점,대구광역시 달성군 현풍면 중리295-1,053-611-9233
634,대구광역시,매곡점,대구광역시 달성군 다사읍 매곡리 1549-1,053-586-9983
635,대구광역시,대평리점,대구광역시 서구 평리3동1035-22,053-566-5477
636,대구광역시,감삼점,대구광역시 달서구 감삼동205-12,053-566-0292
637,대구광역시,중평점,대구광역시 서구 국채보상로34길12.129-119,053-559-9989
638,경상북도,신천점,대구공역시 동구 신천동633 동신우방상가108-108,053-422-9277
639,대구광역시,방촌점,대구광역시 동구 방촌동902-7 현대상가,053-984-3185
640,대구광역시,시지1호점,대구광역시 수성구 노변공원로1길 6-5(시지동),053-793-9960
641,대구광역시,두류내당점,"대구광역시 달서구 야외음악당로 163, 1충(두류동)",053-654-2064
642,대구광역시,대명계대점,대구광역시 남구 대명3동2262-47번지,053-652-9982
643,대구광역시,명곡점,대구광역시 달성군 화원읍 상암로71201호2층,053-644-9902
644,대구광역시,죽곡점,대구광역시 달성군 다사읍 대실역남로 4길 30-26,053-568-8870
645,대구광역시,파동점,대구광역시 수성구 파동로 192,053-768-8899
646,대구광역시,산격점,대구광역시 북구 대동로 45(산격동),053-951-8890
647,경상북도,동명점,경북 칠곡군 동명면 금암중앙길 42,054-976-7981
648,경상북도,삼청공단점,경북 칠곡군 왜관읍 삼청리410-32,054-973-4489
649,경상북도,왜관점,경북 칠곡군 왜관읍왜관리774,054-971-4110
650,경상북도,석적중리점,경북 칠곡군 석적읍 중리201-10,054-971-3825
651,대구광역시,용산점,대구광역시 달서구 성지로18길 10-4. 1층(용산동),053-586-7999
652,대구광역시,서재점,대구광역시 달성군 다사읍 서재리 서재로 108,053-585-8145
653,대구광역시,성서1호점,대구광역시 달서구 이곡동 752-19,053-582-1256
654,경상북도,고아점,경북 구미시 고아읍 오로리 460-1에덴상가 203호,054-481-3006
655,경상북도,옥계점,경북 구미시 구포동671-2,054-475-9950
656,경상북도,산동점,경북 구미시 산동면 강동로 1028-6,054-475-8299
657,경상북도,진평점,경북 구미시 진평동458,054)-471-1741
658,경상북도,구미1호점,경북 구미시 신평1동150-17,054)-463-4545
659,경상북도,상모점,경북 구미시 상사서로 92(상모동.마동1층),054)-462-9982
660,경상북도,원평점,경북 구미시 남통동14-44,054)-458-6117
661,경상북도,도량점,경북 구미시 도량동245-2,054)-442-1414
662,경상북도,원호점,경북 구미시 고아읍 원호리 449번지,054)-441-1033
663,경상북도,대곡점,경북 김천시 부곡동 990-1,054-437-8292
664,경상북도,직지점,경북 김천시 대항면복전리548-32,054-436-8998
665,경상북도,신음점,경북 김천시 신음동1302-5,054-435-2292
666,대구광역시,침산점,대구광역시 북구 침산동456-7침산2지구아파트101-12,053-353-9959
667,경상북도,인의황상점,경북 구미시 여헌로14길 10,054-474-7940
668,경상북도,덕곡율곡점,"경북 김천시 아포대로 22, 외2필지(덕곡동)",054-437-9992
669,경상북도,증산점,경북 김천시 증산면 유성리 254-7,054-437-3823
670,경상북도,아포점,경북 김천시 아포읍 국사리 1047번지102호,054-431-0082
671,경상북도,지좌점,경북 김천시 황산2길 36 (지좌동),054-434-1919
672,대구광역시,팔달점,대구광역시 서구 서대구로68길 58(비산동),053-352-9959
673,대구광역시,칠곡2지구점,대구광역시 북구 구암동 684-5,053-326-9949
674,대구광역시,태전점,"대구광역시 북구 칠곡중앙대로53길32,상가동107호",053-311-9930
675,대구광역시,금호샛별점,대구광역시 북구 한강로 6길3.1층(사수동),053-311-7999
676,경상남도,회원1동점,경남 창원시 마산회원구 회원동 29-15,055-244-0116
677,경상남도,호계점,"경상남도 창원시 마산회원구 내서읍 광려천북로 208, 103호(화인상가)",055-277-5999
678,경상남도,합천점,"경남 합천군 합천읍 옥산로 57-1, 1층",055-931-0388
679,경상남도,합성점,창원시 마산회원구 합성동 322-42,055-297-4406
680,경상남도,함안점,경남 함안군 함안면 북촌2길 64,055-583-8592
681,경상남도,한일점,창원시 마산회원구 양덕남1길 34(양덕동),055-297-0440
682,경상남도,하동점,경남 하동군 하동읍 중앙2길 10-4,055-884-1377
683,경상남도,팔용점,창원시 의창구 팔용동 194-7 1층,055-297-9218
684,경상남도,통영1점,"경남 통영시 중앙로 255, 103호(북신동,동우상가동)",055-649-9233
685,경상남도,태룡점,밀양시 단장면 태룡리 407-5,055-356-0274
686,경상남도,칠원점,경남 함안군 칠원읍 구성길 3,055-587-3037
687,경상남도,창선점,경남 남해군 창선면 상죽리 131,055-867-4406
688,경상남도,진성점,"경남 진주시 진성면 동부로 1348, 2층",055-758-3236
689,경상남도,진교점,경상남도 하동군 진교면 민다리길 62-4(2호),055-882-9945
690,경상남도,지산점,창원시 마산합포구 진북면 지산리 250-16,055-271-4348
691,경상남도,지곡점,경남 함양군 지곡면 병곡지곡로 963-1,055-963-6050
692,경상남도,중앙점,"경남 진주시 진주대로 1022-1, 1층(동성동)",055-747-7992
693,경상남도,주공점,"경남 거제시 성산로 20, 1층(옥포동, 무지개타운상가)",055-687-6333
694,경상남도,제일점,경상남도 밀양시 밀양대로 1781-1(삼문동),055-354-8592
695,경상남도,장평점,경남 거제시 장평동 626-8,055-637-1950
696,경상남도,자은점,창원시 진해구 자은동 975-12 1층 102호,055-551-9991
697,경상남도,자산점,창원시 마산합포구 자산동 189-3,055-248-1581
698,경상남도,일반성점,경남 진주시 일반성면 창촌리 47-1,055-754-6786
699,경상남도,위천점,경남 거창군 위천면 장기리 418-18,055-942-6102
700,경상남도,웅천점,창원시 진해구 북부동 560-4 대풍연립 101,055-545-1996
701,경상남도,웅양점,경남 거창군 웅양면 웅양로 1428,055-942-8858
702,경상남도,용현점,경상남도 사천시 용현면 진삼로 626,055-832-7772
703,경상남도,용원점,창원시 진해구 용원동 1206 현대아파트상가  109,055-552-1881
704,경상남도,옥포점,경남 거제시 옥포동 546-18,055-687-9292
705,경상남도,옥수점,경남 거제시 능포동 717-2,055-681-9252
706,경상남도,안정점,"경남 통영시 광도면 안정로 791, 2(1층)",055-642-3585
707,경상남도,안의점,경남 함양군 안의면 금천리 160-5,055-962-0185
708,경상남도,신평점,"경상남도 진주시 신안들말길10번길 12-1, 1층(신안동)",055-742-9982
709,경상남도,신월점,"경상남도 창원시 의창구 창이대로570번길 13-3, 1층 107호(신월동)",055-264-9248
710,경상남도,신반점,경남 의령군 부림면 신반리 168-9,055-574-7709
711,경상남도,수월점,"경상남도 거제시 수양로 494, 1층 101(일부)호(양정동)",055-636-9297
712,경상남도,수산점,경상남도 밀양시 하남읍 시서상가길 11,055-391-5008
713,경상남도,수동점,경남 함양군 수동면 화산리 1201-6,055-963-2292
714,경상남도,서포점,경남 사천시 서포면 구평리 640-5,055-853-1168
715,경상남도,서상점,경남 함양군 서상면 서상로 263,055-963-8834
716,경상남도,상봉점,경남 진주시 북장대로 81번길 11(상봉동),055-746-9253
717,경상남도,삼랑진점,경남 밀양시 삼랑진읍 만어로 8-4 1층,055-351-2305
718,경상남도,삼계점,창원시 마산회원구 내서읍 삼계리 637번지,055-232-9222
719,경상남도,삼가점,경남 합천군 삼가면 삼가중앙길 21-18,055-932-9919
720,경상남도,산호점,경상남도 창원시 마산합포구 산호남로 6(산호동),055-245-0272
721,경상남도,산청점,경상남도 산청군 산청읍 친환경로 2668,055-973-7323
722,경상남도,산복점,"경남 창원시 마산회원구 회원남로 14(회원동, 102호)",055-245-5092
723,경상남도,사파점,"경상남도 창원시 성산구 창이대로663번길 5, 102-1호(사파동,미남빌딩)",055-267-8889
724,경상남도,사곡점,"경상남도 거제시 사등면 두동로 30, 지하1층 206호(경남아너스빌상가)",055-633-7060
725,경상남도,부곡점,경남 창녕군 부곡면 온천중앙로 46,055-536-7709
726,경상남도,봉평점,"경상남도 통영시 데메4길 45, 1호(도남동,세인상가)",055-644-9290
727,경상남도,배둔점,경남 고성군 회화면 배둔리 819-7 1층,055-673-9285
728,경상남도,반지점,"창원시 성산구 원이대로393번길 17-1 (반지동,2층)",055-237-9294
729,경상남도,반림점,창원시 성산구 중앙동 74-6 1층 B호,055-261-3266
730,경상남도,문산점,경남 진주시 문산읍 소문리 153-77(1층),055-761-2836
731,경상남도,동천점,경남 남해군 삼동면 동부대로 1235,055-867-7273
732,경상남도,동부점,경남 거제시 동부면 거제남서로 3080-1,055-632-8645
733,경상남도,동마산점,창원시 마산회원구 구암남3길 13(구암동),055-295-6422
734,경상남도,도계점,"경상남도 창원시 의창구 도계로4번길 23, 1층 10호(도계동, 동영아트빌라)",055-237-1135
735,경상남도,대산점,경상남도 함안군 대산면 대산중앙로 214,055-582-8521
736,경상남도,대방점,"창원시 성산구 대정로 131 213(대방동,대방덕산타운상가 213호)",055-275-9917
737,경상남도,남해점,경남 남해군 남해읍 화전로78번길 17,055-864-5894
738,경상남도,남면점,경남 남해군 남면 남서대로 777,055-862-7574
739,경상남도,남.이동점,경남 남해군 이동면 무림로 81-1,055-863-0840
740,경상남도,남.고현점,경남 남해군 고현면 대사리 757-1,055-863-0920
741,경상남도,군북점,경남 함안군 군북면 중암리 60-1,055-585-9200
742,경상남도,구조라점,경남 거제시 일운면 구조라리 375,055-681-9797
743,경상남도,구암점,경상남도 창원시 마산회원구 구암북2길 6(구암동),055-299-2450
744,경상남도,공단점,경남 진주시 상평동 227 동국1차(아)상가 102,055-758-3534
745,경상남도,고현점,경상남도 거제시 거제중앙로27길 15(고현동),055-635-7649
746,경상남도,고성점,경남 고성군 고성읍 송학리 269-3,055-673-5592
747,경상남도,경남대점,경상남도 창원시 마산합포구 해안대로 71(해운동),055-242-9294
748,경상남도,거창점,경남 거창군 거창읍 상림리 42-10,055-944-4776
749,경상남도,가호점,경남 진주시 가좌길 54 (가좌동),055-757-9983
750,경상남도,가음정점,창원시 성산구 남산동 601-1 창남상가 1층 108,055-262-9912
751,경상남도,가야점,경남 함안군 가야읍 도항리 95-1 1층,055-583-8021
752,경상남도,가곡점,경남 밀양시 가곡동 608-4,055-354-1628
753,경상남도,가고파점,경남 창원시 마산회원구 석전1동 262-2,055-295-4027
754,경상남도,소주동점,경상남도 양산시 대평들2길 17(주남동),055-362-2918
755,경상남도,명동점(양),경상남도 양산시 신명동 7길 56(명동),055-362-3555
756,경상남도,평산점,"경상남도 양산시 신명로 82, 107동 103호(평산동, 동일스위트1차)",055-386-9994
757,경상남도,덕계점,경상남도 양산시 덕계2길 20(덕계동),055-363-9901
758,경상남도,칠산점,경상남도 김해시 칠산로 399번길 8(화목동),055-338-9982
759,경상남도,무계점,"경상남도 김해시 장유로 301번길 3, 207호(무계동,청학프라자)",055-322-8886
760,경상남도,율하점,"경상남도 김해시 율하2로 123, 113동 106호(율하동,율현마을동원로얄듀크아파트1차상가)",055-321-9288
761,경상남도,갑오점,경남 김해시 장유면 대청리 332-4 대청프라자 A-218,055-332-7891
762,경상남도,삼문점,경남 김해시 장유면 삼문리 30-2 석봉마을상가 109-203,055-328-3800
763,경상남도,주촌점,경남 김해시 주촌면 서부로 1499번길 21,051-337-9240
764,경상남도,진례1호점,경상남도 김해시 진례면 고모로 214,055-345-9989
765,경상남도,빙그레점,경남 김해시 한림면 김해대로 914(가동),055-345-9957
766,경상남도,진영신도시점,경남 김해시 진영읍 김해대로 365번길 18 105,055-342-6080
767,경상남도,한림정점,경상남도 김해시 한림면 한림로 417,055-346-6766
768,경상남도,명동점(김),경상남도 김해시 한림면 명동로 7,055-345-2864
769,경상남도,생림점,경상남도 김해시 생림면 생림대로 960,055-323-3980
770,경상남도,삼계점,경남 김해시 가야로30번길 17(삼계동),055-332-9282
771,경상남도,내동1호점,경상남도 김해시 평전로 97-1(내동),055-325-9292
772,경상남도,외동점,경남 김해시 외동 1246-3,055-335-4455
773,경상남도,부원점,경상남도 김해시 김해대로 2325번길 22(부원동),055-322-9290
774,경상남도,어방점,"경상남도 김해시 활천로 214번길5,101호(어방동,송대아트빌라)",055-327-8292
775,경상남도,삼방시장점,경상남도 김해시 삼안로 237(삼방동),055-312-8255
776,경상남도,내원점,경남 양산시 하북면 용연리 510-4,055-375-3692
777,경상남도,석계점,경상남도 양산시 상북면 상북중앙로 349,055-374-7723
778,경상남도,대석리점,경상남도 양산시 상북면 대성2길 7,055-375-3350
779,경상남도,어곡점,경남 양산시 어곡동 9-3 외 4 필지 로얄파크빌상가 B09호,055-367-9298
780,경상남도,양산1호점,경남 양산시 북부동 428-8,055-366-5592
781,경상남도,중부점,"경상남도 양산시 양주로 110,상가동 1층 106호(중부동,현대아파트)",055-383-9133
782,경상남도,범어점,경남 양산시 물금읍 동중1길 28,055-367-9494
783,경상남도,물금역점,경상남도 양산시 물금읍 황산로 355,055-363-9285
784,경상남도,증산점,"경상남도 양산시 물금읍 새실2길 13, 101호(반도월드프라자)",055-383-9242
785,경상남도,금산점,경상남도 양산시 동면 금산2길 15,055-913-3600
786,경기도,화도점,경기도 남양주시 화도읍 비룡로 331,031-593-0808
787,경기도,마석점,경기도 남양주시 화도읍 마석로17번 안길 1-4,031-593-4045
788,경기도,창현점,"경기도 남양주시 화도읍 경춘로창벌2길 12, 1층",031-592-1441
789,경기도,평내점,경기 남양주시 평내동 142,031-591-0993
790,경기도,평내2호점,경기도 남양주시 경춘로 1286 안길 3-5,031-595-8295
791,경기도,도농점,"경기도 남양주시 경춘로 386, 1층(도농동)",031-555-6009
792,경기도,별내점,"경기도 남양주시 별내5로 37, 1층 103호(별내동)",031-553-3311
793,경기도,퇴계원점,경기도 남양주시 퇴계원면 퇴계원로 78번길 1,031-572-1999
794,경기도,사능점,경기도 남양주시 진건읍 진건오남로 86번길 30,031-574-0505
795,경기도,오남점,"경기도 남양주시 오남읍 진건오남로512번길 23, 110호~111호",031-513-9292
796,경기도,내각점,경기도 남양주시 진접읍 내각2로 33,031-573-6221
797,경기도,진접택지점,경기도 남양주시 진접읍 해밀예당로23로 121,031-573-9888
798,경기도,장현산호점,경기도 남양주시 진접읍 금강로 1530-16(산호아파트상가 106호),031-571-5394
799,경기도,광릉점,경기도 남양주시 진접읍 부평로 42(진접센트레빌시티),031-515-1092
800,경기도,광적점,경기도 양주시 광적면 가래비길 67,031-836-9191
801,경기도,은현점,경기도 양주시 은현면 선암리 335-1,031-867-6966
802,경기도,남면점,경기도 양주시 남면 화합로 610번길 87,031-859-9592
803,경기도,문산점,"경기도 파주시 문산읍 우계로 472, 1동 104호(두산위브상가)",031-953-9233
804,경기도,야동점,경기도 파주시 창곡동길 47,031-943-9282
805,경기도,금촌점,경기도 파주시 문화로 5 1동 1층,031-941-3060
806,경기도,봉일천점,경기도 파주시 조리읍 봉천로 18,031-941-0444
807,경기도,교하점,"경기도 파주시 청석로 334, 102호(다율동, 청석마을동문굿모닝힐상가)",031-946-9955
808,경기도,운정점,"경기도 파주시 한울로84, 1층",031-946-0092
809,경기도,가좌대화점,경기도 고양시 일산서구 가좌1로 73,031-921-9249
810,경기도,SBS점,"경기도 고양시 일산서구 일현로128, 103호",031-919-9201
811,경기도,구일산점,경기도 고양시 일산서구 고양대로 706-25,031-977-9270
812,경기도,정발산점,경기도 일산동구 산두로 213번길,031-916-9043
813,경기도,풍동점,경기도 고양시 일산동구 숲속마을1로 48번길 42 103호,031-904-8592
814,경기도,백석점,"경기도 고양시 일산동구 장백로 59, 104호 (백석동,흰돌마을)",031-962-0903
815,경기도,원당점,경기도 고양시 덕양구 마상로154번길 2(성사동),031-968-9892
816,경기도,고양점,경기도 고양시 덕양구 혜음로 8 삼라마이다스프라자 112호,031-966-6692
817,경기도,조리대원점,"경기도 파주시 조리읍 대원로 18, 105호",031-948-9299
818,경기도,사리현점,경기도 고양시 일산동구 공릉천로 32,031-969-9555
819,경기도,화정부영점,경기도 고양시 덕양구 화중로 220 달빛마을 ,031-968-3392
820,경기도,별빛점,경기도 고양시 덕양구 화정동 화신로 2811,031-972-3392
821,경기도,화정주공점,"경기도 고양시 덕양구 백양로 6, 17단지 상가 101호",031-938-0404
822,경기도,가라뫼점,경기도 고양시 덕양구 행신로 311번길 16,031-978-9277
823,경기도,원흥점,"경기도 고양시 덕양구 서삼릉1길 70, 1층일부(원흥동)",031-965-9292
824,경기도,삼송리점,경기도 고양시 삼송로 185번길 4,02-381-1188
825,경기도,구리점,경기도 구리시 원수택로 47-1,031-562-8292
826,경기도,청학점,경기도 남양주시 별내면 청학로68번길 23-1 상가 101호,031-821-7766
827,경기도,민락2호점,경기도 의정부시 오목로225번길 79-16 1층(민락동),031-853-8321
828,경기도,민락점,경기도 의정부시 효자로 10-0 송산중앙 112호,031-852-9188
829,경기도,금오점,경기도 의정부시 추동로94,031-847-9222
830,경기도,의정부5호점,경기도 의정부시 경의로 86(의정부동),031-876-3737
831,경기도,가능점,경기도 의정부시 호국로 1188,031-873-8666
832,경기도,녹양점,경기도 의정부시 녹양로 62번길 31,031-874-5895
833,경기도,산북점,경기도 양주시 평화로 1267번길 6,031-840-6277
834,경기도,도곡점,경기도 남양주시 와부읍 도곡로 1032-1,031-577-2054
835,경기도,단월점,경기도 양평군 단월면 보산정길 2,031-773-7000
836,경기도,용문점,경기도 양평군 용문면 중앙1길 21,031-774-5420
837,경기도,양평점,경기도 양평군 양평읍 홍천길 15-1,031-775-4355
838,경기도,양수리점,경기도 양평군 양서면 목왕로 19-1 1층,031-772-7974
839,경기도,설악점,"경기도 가평군 설악면 신천중앙로 137-1, 1층",031-585-1282
840,경기도,청평점,경기도 가평군 청평면 청평중앙로 64,031-585-8960
841,경기도,가평점,"경기도 가평군 가평읍 가화로 133, 1층",031-582-9191
842,경기도,가평목동점,경기도 가평군 북면 화악산로 11,031-582-7114
843,경기도,현리점,경기도 가평군 하면 청군로 1185,031-585-2567
844,경기도,호원점,경기도 의정부시 호원동 454-14,031-871-7959
845,경기도,장암점,"경기도 의정부시 동일로 466번길 70, 1층 106호(신곡동)",031-848-5592
846,경기도,신곡점,경기도 의정부시 장금로78번길 49(신곡동),031-856-8286
847,경기도,송우리점,경기도 포천시 소흘읍 태봉로 166번길 5,031-554-9696
848,경기도,가산점,경기도 포천시 가산면 가산로 370,031-543-0575
849,경기도,포천점,경기도 포천시 호병로 55,031-535-9292
850,경기도,관인점,경기도 포천시 관인면 관인로 21,031-534-9555
851,경기도,군남점,경기도 연천군 군남면 군남로 129,031-833-9292
852,경기도,전곡점,경기도 연천군 전곡읍 밤골로 6,031-832-9942
853,경기도,상패점,경기도 동두천시 상패로 186,031-865-1102
854,경기도,동두천3호점,경기도 동두천시 장고갯로 267(보산동),031-865-1222
855,경기도,동두천1호점,경기도 동두천시 지행로107번길 29(지행동),031-865-9994
856,경기도,동두천2호점,"경기도 동두천시 동두천로63, 1층 102호(송내동, 상가동)",031-858-9252
857,경기도,덕정점,경기도 양주시 덕정길 50 가-1 4필지,031-858-9297
858,경기도,삼숭점,경기도 양주시 삼숭로38번길 102,031-846-9294
859,경기도,강화월곶,경기도 김포시 월곶면 군하리 170번지,032-997-1195
860,경기도,대곶,경기도 김포시 대곶면 송마리 3-18,031-984-9288
861,경기도,대능,경기도 김포시 대곶면 대능리 150-1,031-997-9242
862,경기도,구래,김포시 김포 한강9로 12번길 8-6 (구래동 6896-14),031-996-3392
863,경기도,장기,경기도 김포시 장기동 1407,031-989-9242
864,경기도,사우북변,경기도 김포시 사우동 225-3 103호,031-983-9208
865,경기도,풍무,경기도 김포시 풍무동 629 1층 103호,031-983-3889
866,경기도,원미,부천시 원미동 59-9,032-611-3888
867,경기도,서신,경기도 화성시 서신면 매화리 356-1,031-357-8088
868,경기도,덕풍,경기도 하남시 덕풍동 335-7번지,032-791-7942
869,경기도,풍덕천,경기도 용인시 수지구 풍덕천로 148번길 5-4 (풍척천동 1층),031-262-0014
870,경기도,태평,경기도 평택시 고덕면 궁리 75,031-664-5548
871,경기도,팽성,경기도 평택시 팽성읍 송화리779-3,031-653-5420
872,경기도,평택세교,경기도 평택시 세교2로 45 상가 109,031-656-9366
873,경기도,장안점,경기도 평택시 추담로 58-78 상가동 107호,031-665-8842
874,경기도,현대,경기도 평택시 이충동 381 현대상가 103호,031-663-9959
875,경기도,서정1호,경기도 평택시 서정동 871-19,031-663-8892
876,경기도,지산서정,경기도 평택시 서정동 799-1     ,031-667-8253
877,경기도,고현,경기도 오산시 고현동 17,031-378-8292
878,경기도,누읍,경기도 오산시 누읍로 20 104호,031-373-9282
879,경기도,궐동,경기도 오산시 궐동 673-1 1층 (616-6),031-372-8998
880,경기도,오산세교,경기도 오산시 수청동 8-1  10블럭(세교상업택지),031-378-6606
881,경기도,은계,경기도 오산시 은계동 33-3,031-377-9245
882,경기도,신갈,경기도 용인시 기흥구 신구로 38 청솔학원,031-274-5060
883,경기도,금호,"경기도 수원시 권선구 금호로 285,2층(호매실동)",031-891-1515
884,경기도,서수원,경기도 수원시 권선구 구운동 525-4,031-291-7885
885,경기도,수원정자,경기도 수원시 장안구 장안로 125번길 16(정자동 2층),031-257-9933
886,경기도,송죽조원,경기도 수원시 장안구 송죽동 500,031-245-6966
887,경기도,화서,경기도 수원시 팔달구 화서동 184-348,031-247-5754
888,경기도,인계,경기도 수원시 팔달구 인계동 1008-9,031-232-7234
889,경기도,권선,경기도 수원시 권선동 1028-6번지,031-222-8202
890,경기도,곡반정,경기도 수원시 권선구 곡반정동 569-16,031-235-9282
891,경기도,매탄,경기도 수원시 영통구 매탄동 196-79,031-212-2457
892,경기도,광교,경기도 수원시 영동구 법조로 149번길 190번길 . 1층,031-215-9282
893,경기도,흥덕,경기도 수원시 영통구 삼성로 320번길 35 101-102,031-217-9283
894,경기도,오목천,경기도 수원시 권선구 오목천동 472-40,031-227-1033
895,경기도,기안,경기도 화성시 기안동 355-16,031-224-5646
896,경기도,봉담,경기도 화성시 봉담읍 상리15-10,031-227-0052
897,경기도,동탄2,경기도 화성시 지산1길 22-1 103호(영천동),031-378-6644
898,경기도,동탄,경기도 화성시 동탄 반송3길 50-7. 1층(반송동),031-613-9924
899,경기도,병점점,경기도 화성시 병점3로 157 상가 106,031-222-7292
900,경기도,공세,경기도 용인시 기흥구 공세동 388-17,031-274-5062
901,경기도,반도체,경기도 화성 태안 반월 360-8,031-202-2374
902,경기도,신영통,경기도 용인시 기흥구 서그내로 21(서천동),031-206-9266
903,경기도,영통,"경기도 수원시 영통구 청면남로50번길 24, 101",031-202-9966
904,경기도,송산,경기도 화성시 송산면 사강시장길 60,031-357-2353
905,경기도,남양,경기도 화성시 남양동 547,031-357-9980
906,경기도,팔탄,경기도 화성시 팔탄면 서촌길 16,031-352-6787
907,경기도,서근리,경기도 화성시 팔탄면 버들로 1362번길 6,031-352-9534
908,경기도,석포,경기도 화성시 장안면 석포리 761-49,031-358-7596
909,경기도,조암,경기도 화성시 장안면 기아자동차로 789 103호,031-358-3392
910,경기도,포승,경기도 평택시 포승읍 도곡리 1121-6,031-682-9277
911,경기도,안중,경기도 평택시 안중읍 안중로18번길 2-19,031-681-9688
912,경기도,향남,"경기도 화성시 향남읍 행정동로 86, 103호",031-354-9124
913,경기도,발안,경기도 화성시 향냠읍 평리 101-9,031-353-0015
914,경기도,왕림,경기도 화성시 봉담읍 왕림 405-1,031-298-6196
915,경기도,수원과학대,"경기도 화성시 정남면 세자로 268-6,1층 1호",031-353-9893
916,경기도,산성,경기도 성남시 수정구 수정남로 305번길11.103호,031-733-8382
917,경기도,성남태평,경기도 성남시 수정구 태평동 2359,031-755-9990
918,경기도,금광,경기도 성남시 중원구 금광동 4314 104호,031-732-9229
919,경기도,상대원,경기도 성남시 중원구 상대원동 1132,031-604-0123
920,경기도,수지상현,경기도 용인시 상현동 859 롯데아파트상가 116호,031-266-9292
921,경기도,성남,경기도 성남시 수정구 성남대로 1180번길 5-1(수진동),031-754-3384
922,경기도,야탑,경기도 성남시 분당구 야탑로 153번길 9- 103호(야탑동),031-709-1577
923,경기도,동판교,경기도 성남시 분당구 동판교로 52번길 9-3(백현동),031-704-9222
924,경기도,서현분당,"경기도 성남시 분당구 분당로 212, 상가동 102호(분당동, 샛별마을)",031-703-9285
925,경기도,분당정자점,경기도 성남시 분당구 내정로 119번길 36(정자동1층),031-719-2443
926,경기도,구미금곡점,경기도 성남시 분당구 미금일로 81,031-713-9288
927,강원도,휘닉스파크점,"강원도 평창군 봉평면 태기로 30, A동 2층 101호(아벨라상가)",033-333-1114
928,강원도,횡계점,강원도 평창군 대관령면 횡계리 321-12,033-335-5232
929,강원도,화촌점,강원도 홍천군 화촌면 성산로134번길 15,033-432-8216
930,강원도,화천점,강원도 화천군 화천읍 중앙로 26-2,033-441-6791
931,강원도,홍천점,강원도 홍천군 홍천읍 꽃뫼로 137,033-433-5392
932,강원도,호산점,강원도 삼척시 원덕읍 호산2길 67-1,033-572-9095
933,강원도,현리점,강원도 인제군 기린면 덕다리길 8,033-461-5406
934,강원도,혁신점,"강원도 원주시 양지로 160-2, 107호(반곡동, 부영A상가)",033-746-0909
935,강원도,학성점,"강원도 원주시 학성길 46, 상가동 1층 103호(학성동, 삼천리아파트)",033-744-2101
936,강원도,퇴계점,강원도 춘천시 행촌로32번길 16(퇴계동),033-256-5149
937,강원도,태장소초점,강원도 원주시 소초면 치악로 2355,033-732-0095
938,강원도,태장1점,강원도 원주시 현충로 148(태장동),033-745-8800
939,강원도,태백점,"강원도 태백시 황지로 44. 107호(황지동, 우남연립)",033-553-4560
940,강원도,천도리점,강원도 인제군 서화면 천도로 133-1,033-462-0990
941,강원도,천곡점,강원도 동해시 천곡로 36(천곡동),033-532-9995
942,강원도,중동점,강원도 영월군 중동면 태백산로 1199,033-378-2200
943,강원도,주천점,강원도 영월군 주천면 주천면 주천로84번길 1,033-372-9262
944,강원도,조양점,"강원도 속초시 새마을길 5, 1층(조양동)",033-632-7111
945,강원도,정선점,강원도 정선군 정선읍 비봉로 58-1,033-562-7447
946,강원도,정선남면점,강원도 정선군 남면 문은단로 3,033-592-8288
947,강원도,정동진점,강원도 강릉시 강동면 정동3길 46-4,033-644-5831
948,강원도,임원점,강원도 삼척시 원덕읍 임원중앙로 37,033-573-6334
949,강원도,일산점,"강원도 원주시 무실로 50(일산동, 지상1층)",033-731-5688
950,강원도,인제점,강원도 인제군 인제읍 비봉로16번길 5,033-461-1666
951,강원도,원통점,강원도 인제군 북면 원통로147번길 32,033-461-3269
952,강원도,우천점,강원도 횡성군 우천면 우항3길 5-6,033-342-6420
953,강원도,우산점,강원도 원주시 우산동 90-3번지,033-748-2777
954,강원도,장호용화점,강원도 삼척시 근덕면 삼척로 2127,033-573-1239
955,강원도,용대리점,"강원도 인제군 북면 미시령로 1150, 1층",033-462-9333
956,강원도,오크밸리점,"강원도 원주시 지정면 오크밸리1길 70, 1층(빌리지센타)",033-730-3737
957,강원도,영진점,"강원도 원주시 소초면 장막2길 10, 외6필지",033-747-3577
958,강원도,양양점,강원도 양양군 양양읍 남문7길 5,033-671-4743
959,강원도,양양동호점,강원도 양양군 손양면 선사유적로 316-20,033-672-6787
960,강원도,양덕원점,강원도 홍천군 남면 양덕원2길 30,033-432-0880
961,강원도,양구점,강원도 양구군 양구읍 사명길 66,033-481-9998
962,강원도,아야진점,강원도 고성군 토성면 아야진리 49-3,033-631-1130
963,강원도,쌍용점,강원도 영월군 한반도면 쌍용로 82-1,033-372-5261
964,강원도,신남점,강원도 인제군 남면 신남로48번길 19,033-461-8295
965,강원도,시동점,강원도 홍천군 남면 시동안로 321,033-432-0939
966,강원도,수타사점,강원도 홍천군 동면 속초길 6,033-436-9992
967,강원도,석사점,강원도 춘천시 효석로67번길 18-1(석사동),033-262-6592
968,강원도,서화점,강원도 인제군 서화면 금강로 1777-1,033-463-4855
969,강원도,서원점,강원도 횡성군 서원면 서원로 144-2,033-342-2224
970,강원도,서면점,강원도 홍천군 서면 팔봉산로 1180,033-434-5605
971,강원도,북방점,강원도 홍천군 북방면 영서로 2706,033-434-8824
972,강원도,부영점,강원도 속초시 조양로 142번길 15(조양동),033-635-0605
973,강원도,부안점,강원도 춘천시 보안길 42(후평동),033-251-1677
974,강원도,봉포점,강원도 고성군 토성면 토성로 65,033-635-7575
975,강원도,미탄점,강원도 평창군 미탄면 미탄중앙로 42,033-334-1105
976,강원도,명륜점,"강원도 원주시 남원로527번길 66, 1층 (명륜동)",033-762-7778
977,강원도,마차점,강원도 영월군 북면 마차중앙1길 39-1,033-372-3940
978,강원도,둔내점,강원도 횡성군 둔내면 경강로둔방6길 8,033-344-5885
979,강원도,동해본점,"강원도 동해시 해안로 635-4, 1층(발한동)",033-533-9383
980,강원도,동면점,강원도 양구군 동면 금강산로 1554,033-481-7130
981,강원도,단관점,"강원도 원주시 단관길 177-9(관설동, 1층)",033-766-9266
982,강원도,단계점,강원도 원주시 북원로2246번길 45(단계동),033-731-0101
983,강원도,내면점,강원도 홍천군 내면 창촌로 33-1,033-432-1763
984,강원도,남양점,"강원도 삼척시 중앙시장길 68-26(남양동, 단층일부)",033-574-4582
985,강원도,남부점,강원도 춘천시 공지로 354(효자동),033-254-3503
986,강원도,남면점,강원도 양구군 남면 삼팔선로 10,033-481-2521
987,강원도,금호점,강원도 속초시 중앙로121번길 6(금호동),033-633-2239
988,강원도,근덕점,강원도 삼척시 근덕면 교가길 22-9,033-573-9293
989,강원도,구곡점,"강원도 원주시 늘품로 8, 101호(단구동)",033-762-8989
990,강원도,교동점,강원도 속초시 교동 먹거리4길 33(교동),033-632-3370
991,강원도,계촌점,강원도 평창군 방림면 계촌길 58,033-333-9950
992,강원도,거두점,강원도 춘천시 동내면 거두택지길 32(1층),033-261-0552
993,강원도,강현점,강원도 양양군 강현면 물치천로 12,033-671-4201
994,강원도,강릉교동점,"강원도 강릉시 율곡초교길39번길 18, 1층(교동)",033-648-9911
995,강원도,강대점,"강원도 춘천시 서부 대성로 182-1, 1층(효자동)",033-251-7782
996,강원도,김화점,강원도 철원군 김화읍 김화로 635,033-458-5572
997,강원도,문혜리점,강원도 철원군 갈말읍 두루미로 100-1,033-452-5592
998,충청북도,칠금봉방점,충북 충주시 연수동 1245,043-853-9288
999,충청북도,청전점,충북 제천시 숭문로20길 26(의림동),043-648-9222
1000,충청북도,지현점,충북 충주시 사직산8길 22(지현동),043-852-9991
1001,충청북도,제천A점,"충북 제천시 숭의로1길 2, 1층(화산동)",043-642-6992
1002,충청북도,이류점,충북 충주시 대소원면 대소원1길 21,043-851-9289
1003,충청북도,용산점,충북 충주시 용정2길 39-1(성남동),043-844-9292
1004,충청북도,영춘점,충북 단양군 영춘면 온달평강로 56,043-423-3399
1005,충청북도,연수점,충북 충주시 금릉동 708-2,043-845-9201
1006,충청북도,수안보점,충북 충주시 수안보면 장터1길 19,043-848-7278
1007,충청북도,부강점,충북 충주시 교현동 1087,043-843-5163
1008,충청북도,금가점,충북 충주시 금가면 강수로 335,043-853-9191
1009,충청북도,광혜원점,충청북도 음성군 대소면 대청로 15 ,043-535-9998
1010,충청북도,오창호수공원점,충청북도 청주시 청원구 오창읍 양청리 752-4 102호,043-213-0215
1011,충청북도,음성점,충청북도 음성군 음성읍 시장로 43 ,043-872-1138
1012,충청북도,탑동점,충청북도 청주시 상당구 탑동로1번길 104 ,043-255-1686
1013,충청북도,괴산점,충청북도 괴산군 괴산읍 동부리 627-20,043-833-9959
1014,충청북도,가경점,충청북도 청주시 흥덕구 풍산로89번길 31 세원아파트 상가 103 ,043-232-1182
1015,충청북도,봉명점,충청북도 청주시 흥덕구 봉명로149번길 6,043-265-9993
1016,충청북도,부윤점,충청북도 음성군 대소면 대동로 515 ,043-877-7633
1017,충청북도,강서점,충청북도 청주시 흥덕구 서현중로 56 ,043-238-3382
1018,충청북도,감곡점,충청북도 음성군 감곡면 장감로 189 ,043-881-5538
1019,충청북도,진천점,충청북도 진천군 진천읍 문화2길 12,043-534-8292
1020,충청북도,복대점,충청북도 청주시 흥덕구 성봉로 267 ,043-236-1717
1021,충청북도,석교점,충청북도 청주시 상당구 영운로 140 ,043-254-2851
1022,충청북도,금천점,충청북도 청주시 상당구 수영로259번길 64 ,043-257-5853
1023,충청북도,소라점,충청북도 청주시 상당구 원봉로 25 신라아파트 상가 111호,043-293-3973
1024,충청북도,충북덕산점,충청북도 진천군 덕산면 초금로 757-2,043-536-3521
1025,충청북도,영동점,충청북도 영동군 영동읍 영산로1길 3 ,043-742-1213
1026,충청북도,옥천점,충청북도 옥천군 옥천읍 금장로 113 ,043-733-1725
1027,충청북도,용산점,충청북도 영동군 용산면 용산로 307,043-742-1212
